Date,Location,Variety,Price
2000-01-15,Dambulla,BITTER GOURD,15.55
2000-02-15,Dambulla,BITTER GOURD,13.95
2000-03-15,Dambulla,BITTER GOURD,15.1
2000-04-15,Dambulla,BITTER GOURD,18.12
2000-05-15,Dambulla,BITTER GOURD,26.0
2000-06-15,Dambulla,BITTER GOURD,30.17
2000-07-15,Dambulla,BITTER GOURD,23.38
2000-08-15,Dambulla,BITTER GOURD,25.19
2000-09-15,Dambulla,BITTER GOURD,26.31
2000-10-15,Dambulla,BITTER GOURD,30.94
2000-11-15,Dambulla,BITTER GOURD,29.33
2000-12-15,Dambulla,BITTER GOURD,31.25
2001-01-15,Dambulla,BITTER GOURD,24.08
2001-02-15,Dambulla,BITTER GOURD,19.53
2001-03-15,Dambulla,BITTER GOURD,26.75
2001-04-15,Dambulla,BITTER GOURD,19.63
2001-05-15,Dambulla,BITTER GOURD,24.94
2001-06-15,Dambulla,BITTER GOURD,29.08
2001-07-15,Dambulla,BITTER GOURD,28.19
2001-08-15,Dambulla,BITTER GOURD,19.25
2001-09-15,Dambulla,BITTER GOURD,22.5
2001-10-15,Dambulla,BITTER GOURD,27.58
2001-11-15,Dambulla,BITTER GOURD,28.25
2001-12-15,Dambulla,BITTER GOURD,22.75
2002-01-15,Dambulla,BITTER GOURD,10.25
2002-02-15,Dambulla,BITTER GOURD,14.25
2002-03-15,Dambulla,BITTER GOURD,21.25
2002-04-15,Dambulla,BITTER GOURD,19.5
2002-05-15,Dambulla,BITTER GOURD,34.25
2002-06-15,Dambulla,BITTER GOURD,33.94
2002-07-15,Dambulla,BITTER GOURD,28.75
2002-08-15,Dambulla,BITTER GOURD,29.38
2002-09-15,Dambulla,BITTER GOURD,23.7
2002-10-15,Dambulla,BITTER GOURD,31.5
2002-11-15,Dambulla,BITTER GOURD,37.63
2002-12-15,Dambulla,BITTER GOURD,27.25
2003-01-15,Dambulla,BITTER GOURD,27.42
2003-02-15,Dambulla,BITTER GOURD,22.75
2003-03-15,Dambulla,BITTER GOURD,22.75
2003-04-15,Dambulla,BITTER GOURD,20.75
2003-05-15,Dambulla,BITTER GOURD,24.0
2003-06-15,Dambulla,BITTER GOURD,26.75
2003-07-15,Dambulla,BITTER GOURD,21.75
2003-08-15,Dambulla,BITTER GOURD,19.83
2003-09-15,Dambulla,BITTER GOURD,24.9
2003-10-15,Dambulla,BITTER GOURD,30.8
2003-11-15,Dambulla,BITTER GOURD,31.35
2003-12-15,Dambulla,BITTER GOURD,31.1
2004-01-15,Dambulla,BITTER GOURD,19.85
2004-02-15,Dambulla,BITTER GOURD,19.55
2004-03-15,Dambulla,BITTER GOURD,18.6
2004-04-15,Dambulla,BITTER GOURD,22.45
2004-05-15,Dambulla,BITTER GOURD,26.3
2004-06-15,Dambulla,BITTER GOURD,31.1
2004-07-15,Dambulla,BITTER GOURD,22.4
2004-08-15,Dambulla,BITTER GOURD,19.56
2004-09-15,Dambulla,BITTER GOURD,20.15
2004-10-15,Dambulla,BITTER GOURD,30.775
2004-11-15,Dambulla,BITTER GOURD,41.4
2004-12-15,Dambulla,BITTER GOURD,29.9
2005-01-15,Dambulla,BITTER GOURD,22.7
2005-02-15,Dambulla,BITTER GOURD,28.55
2005-04-15,Dambulla,BITTER GOURD,16.8
2005-05-15,Dambulla,BITTER GOURD,22.68
2005-06-15,Dambulla,BITTER GOURD,31.0
2005-07-15,Dambulla,BITTER GOURD,32.05
2005-08-15,Dambulla,BITTER GOURD,29.2
2005-09-15,Dambulla,BITTER GOURD,31.6
2005-10-15,Dambulla,BITTER GOURD,31.25
2005-11-15,Dambulla,BITTER GOURD,37.76
2005-12-15,Dambulla,BITTER GOURD,43.93
2006-01-15,Dambulla,BITTER GOURD,26.73
2006-02-15,Dambulla,BITTER GOURD,23.3
2006-03-15,Dambulla,BITTER GOURD,12.95
2006-04-15,Dambulla,BITTER GOURD,12.0
2006-05-15,Dambulla,BITTER GOURD,28.52
2006-06-15,Dambulla,BITTER GOURD,31.07
2006-07-15,Dambulla,BITTER GOURD,32.35
2006-08-15,Dambulla,BITTER GOURD,24.15
2006-09-15,Dambulla,BITTER GOURD,26.7
2006-10-15,Dambulla,BITTER GOURD,31.36
2006-11-15,Dambulla,BITTER GOURD,46.25
2006-12-15,Dambulla,BITTER GOURD,56.2
2007-01-15,Dambulla,BITTER GOURD,53.2
2007-02-15,Dambulla,BITTER GOURD,40.95
2007-03-15,Dambulla,BITTER GOURD,21.53
2007-04-15,Dambulla,BITTER GOURD,20.6
2007-05-15,Dambulla,BITTER GOURD,32.5
2007-06-15,Dambulla,BITTER GOURD,40.53
2007-07-15,Dambulla,BITTER GOURD,44.25
2007-08-15,Dambulla,BITTER GOURD,37.25
2007-09-15,Dambulla,BITTER GOURD,36.88
2007-10-15,Dambulla,BITTER GOURD,41.53
2007-11-15,Dambulla,BITTER GOURD,57.4
2007-12-15,Dambulla,BITTER GOURD,52.88
2008-01-15,Dambulla,BITTER GOURD,48.33
2008-02-15,Dambulla,BITTER GOURD,40.15
2008-03-15,Dambulla,BITTER GOURD,40.95
2008-04-15,Dambulla,BITTER GOURD,52.2
2008-05-15,Dambulla,BITTER GOURD,62.05
2008-06-15,Dambulla,BITTER GOURD,59.15
2008-07-15,Dambulla,BITTER GOURD,46.07
2008-08-15,Dambulla,BITTER GOURD,35.6
2008-09-15,Dambulla,BITTER GOURD,33.64
2008-10-15,Dambulla,BITTER GOURD,36.13
2008-11-15,Dambulla,BITTER GOURD,57.47
2008-12-15,Dambulla,BITTER GOURD,55.05
2009-01-15,Dambulla,BITTER GOURD,56.47
2009-02-15,Dambulla,BITTER GOURD,54.12
2009-03-15,Dambulla,BITTER GOURD,38.65
2009-04-15,Dambulla,BITTER GOURD,33.7
2009-05-15,Dambulla,BITTER GOURD,46.28
2009-06-15,Dambulla,BITTER GOURD,60.28
2009-07-15,Dambulla,BITTER GOURD,46.95
2009-08-15,Dambulla,BITTER GOURD,38.2
2009-09-15,Dambulla,BITTER GOURD,36.0
2009-10-15,Dambulla,BITTER GOURD,55.87
2009-11-15,Dambulla,BITTER GOURD,67.04
2009-12-15,Dambulla,BITTER GOURD,70.75
2010-01-15,Dambulla,BITTER GOURD,57.05
2010-02-15,Dambulla,BITTER GOURD,54.73
2010-03-15,Dambulla,BITTER GOURD,40.24
2010-04-15,Dambulla,BITTER GOURD,26.27
2010-05-15,Dambulla,BITTER GOURD,53.75
2010-06-15,Dambulla,BITTER GOURD,66.37
2010-07-15,Dambulla,BITTER GOURD,58.65
2010-08-15,Dambulla,BITTER GOURD,52.48
2010-09-15,Dambulla,BITTER GOURD,48.9
2010-10-15,Dambulla,BITTER GOURD,63.05
2010-11-15,Dambulla,BITTER GOURD,73.52
2010-12-15,Dambulla,BITTER GOURD,73.75
2011-01-15,Dambulla,BITTER GOURD,72.5
2011-02-15,Dambulla,BITTER GOURD,127.25
2011-03-15,Dambulla,BITTER GOURD,62.0
2011-04-15,Dambulla,BITTER GOURD,32.0
2011-05-15,Dambulla,BITTER GOURD,43.88
2011-06-15,Dambulla,BITTER GOURD,57.35
2011-07-15,Dambulla,BITTER GOURD,40.2
2011-08-15,Dambulla,BITTER GOURD,38.84
2011-09-15,Dambulla,BITTER GOURD,41.5
2011-10-15,Dambulla,BITTER GOURD,49.52
2011-11-15,Dambulla,BITTER GOURD,91.5
2011-12-15,Dambulla,BITTER GOURD,101.25
2012-01-15,Dambulla,BITTER GOURD,65.92
2012-02-15,Dambulla,BITTER GOURD,35.85
2012-03-15,Dambulla,BITTER GOURD,30.0
2012-04-15,Dambulla,BITTER GOURD,28.65
2012-05-15,Dambulla,BITTER GOURD,70.0
2012-06-15,Dambulla,BITTER GOURD,84.33
2012-07-15,Dambulla,BITTER GOURD,69.6
2012-08-15,Dambulla,BITTER GOURD,57.75
2012-09-15,Dambulla,BITTER GOURD,49.4
2012-10-15,Dambulla,BITTER GOURD,66.32
2012-11-15,Dambulla,BITTER GOURD,116.25
2012-12-15,Dambulla,BITTER GOURD,59.0
2013-01-15,Dambulla,BITTER GOURD,80.25
2013-02-15,Dambulla,BITTER GOURD,75.25
2013-03-15,Dambulla,BITTER GOURD,45.8
2013-04-15,Dambulla,BITTER GOURD,26.55
2013-05-15,Dambulla,BITTER GOURD,48.2
2013-06-15,Dambulla,BITTER GOURD,53.25
2013-07-15,Dambulla,BITTER GOURD,47.48
2013-08-15,Dambulla,BITTER GOURD,34.4
2013-09-15,Dambulla,BITTER GOURD,35.64
2013-10-15,Dambulla,BITTER GOURD,49.25
2013-11-15,Dambulla,BITTER GOURD,66.9
2013-12-15,Dambulla,BITTER GOURD,66.8
2014-01-15,Dambulla,BITTER GOURD,60.65
2014-02-15,Dambulla,BITTER GOURD,65.5
2014-03-15,Dambulla,BITTER GOURD,48.2
2014-04-15,Dambulla,BITTER GOURD,45.8
2014-05-15,Dambulla,BITTER GOURD,89.0
2014-06-15,Dambulla,BITTER GOURD,106.8
2014-07-15,Dambulla,BITTER GOURD,72.5
2014-08-15,Dambulla,BITTER GOURD,34.4
2014-09-15,Dambulla,BITTER GOURD,41.8
2014-10-15,Dambulla,BITTER GOURD,66.75
2014-11-15,Dambulla,BITTER GOURD,105.0
2014-12-15,Dambulla,BITTER GOURD,131.4
2015-01-15,Dambulla,BITTER GOURD,149.0
2015-02-15,Dambulla,BITTER GOURD,114.5
2015-03-15,Dambulla,BITTER GOURD,57.12
2015-04-15,Dambulla,BITTER GOURD,15.65
2015-05-15,Dambulla,BITTER GOURD,61.25
2015-06-15,Dambulla,BITTER GOURD,89.0
2015-07-15,Dambulla,BITTER GOURD,77.25
2015-08-15,Dambulla,BITTER GOURD,49.2
2015-09-15,Dambulla,BITTER GOURD,62.75
2015-10-15,Dambulla,BITTER GOURD,96.0
2015-11-15,Dambulla,BITTER GOURD,148.2
2015-12-15,Dambulla,BITTER GOURD,155.0
2016-01-15,Dambulla,BITTER GOURD,132.5
2016-02-15,Dambulla,BITTER GOURD,72.35
2016-03-15,Dambulla,BITTER GOURD,61.0
2016-04-15,Dambulla,BITTER GOURD,47.65
2016-05-15,Dambulla,BITTER GOURD,110.8
2016-06-15,Dambulla,BITTER GOURD,179.75
2016-07-15,Dambulla,BITTER GOURD,100.5
2016-08-15,Dambulla,BITTER GOURD,40.48
2016-09-15,Dambulla,BITTER GOURD,41.85
2016-10-15,Dambulla,BITTER GOURD,73.4
2016-11-15,Dambulla,BITTER GOURD,111.5
2016-12-15,Dambulla,BITTER GOURD,160.75
2017-01-15,Dambulla,BITTER GOURD,132.8
2017-02-15,Dambulla,BITTER GOURD,94.25
2017-03-15,Dambulla,BITTER GOURD,106.75
2017-04-15,Dambulla,BITTER GOURD,91.33333333333331
2017-05-15,Dambulla,BITTER GOURD,124.4
2017-06-15,Dambulla,BITTER GOURD,137.5
2017-07-15,Dambulla,BITTER GOURD,113.8
2017-08-15,Dambulla,BITTER GOURD,75.5
2017-09-15,Dambulla,BITTER GOURD,96.25
2017-10-15,Dambulla,BITTER GOURD,182.8
2017-11-15,Dambulla,BITTER GOURD,160.5
2017-12-15,Dambulla,BITTER GOURD,170.5
2018-01-15,Dambulla,BITTER GOURD,108.6
2018-02-15,Dambulla,BITTER GOURD,67.5
2018-03-15,Dambulla,BITTER GOURD,53.7
2018-04-15,Dambulla,BITTER GOURD,41.0
2018-05-15,Dambulla,BITTER GOURD,106.625
2018-06-15,Dambulla,BITTER GOURD,183.5
2018-07-15,Dambulla,BITTER GOURD,110.8
2018-08-15,Dambulla,BITTER GOURD,42.65
2018-09-15,Dambulla,BITTER GOURD,61.85
2018-10-15,Dambulla,BITTER GOURD,125.8
2018-11-15,Dambulla,BITTER GOURD,218.5
2018-12-15,Dambulla,BITTER GOURD,158.0
2019-01-15,Dambulla,BITTER GOURD,107.0
2019-02-15,Dambulla,BITTER GOURD,74.75
2019-03-15,Dambulla,BITTER GOURD,68.5
2019-04-15,Dambulla,BITTER GOURD,74.4
2019-05-15,Dambulla,BITTER GOURD,140.0
2019-06-15,Dambulla,BITTER GOURD,163.25
2019-07-15,Dambulla,BITTER GOURD,102.0
2019-08-15,Dambulla,BITTER GOURD,81.25
2019-09-15,Dambulla,BITTER GOURD,139.0
2019-10-15,Dambulla,BITTER GOURD,195.0
2019-11-15,Dambulla,BITTER GOURD,201.0
2019-12-15,Dambulla,BITTER GOURD,163.6
2020-01-15,Dambulla,BITTER GOURD,137.5
2020-02-15,Dambulla,BITTER GOURD,113.25
2020-03-15,Dambulla,BITTER GOURD,65.5
2020-05-15,Dambulla,BITTER GOURD,79.0
2020-06-15,Dambulla,BITTER GOURD,162.0
2020-07-15,Dambulla,BITTER GOURD,90.5
2020-08-15,Dambulla,BITTER GOURD,115.4
2020-09-15,Dambulla,BITTER GOURD,163.75
2020-10-15,Dambulla,BITTER GOURD,166.5
2020-11-15,Dambulla,BITTER GOURD,187.33333333333331
2020-12-15,Dambulla,BITTER GOURD,219.33333333333331
2021-01-15,Dambulla,BITTER GOURD,213.0
2021-02-15,Dambulla,BITTER GOURD,186.75
2021-03-15,Dambulla,BITTER GOURD,119.5
2021-04-15,Dambulla,BITTER GOURD,73.25
2021-06-15,Dambulla,BITTER GOURD,229.0
2021-07-15,Dambulla,BITTER GOURD,115.0
2021-08-15,Dambulla,BITTER GOURD,103.0
2021-09-15,Dambulla,BITTER GOURD,114.75
2021-10-15,Dambulla,BITTER GOURD,196.75
2021-11-15,Dambulla,BITTER GOURD,307.5
2021-12-15,Dambulla,BITTER GOURD,274.5
2022-01-15,Dambulla,BITTER GOURD,236.0
2022-02-15,Dambulla,BITTER GOURD,288.5
2022-03-15,Dambulla,BITTER GOURD,150.5
2022-04-15,Dambulla,BITTER GOURD,124.0
2022-05-15,Dambulla,BITTER GOURD,354.8
2022-06-15,Dambulla,BITTER GOURD,371.25
2022-07-15,Dambulla,BITTER GOURD,252.5
2022-08-15,Dambulla,BITTER GOURD,278.0
2022-09-15,Dambulla,BITTER GOURD,293.0
2022-10-15,Dambulla,BITTER GOURD,290.0
2022-11-15,Dambulla,BITTER GOURD,346.0
2022-12-15,Dambulla,BITTER GOURD,275.0
2023-01-15,Dambulla,BITTER GOURD,274.0
2023-02-15,Dambulla,BITTER GOURD,289.5
2023-03-15,Dambulla,BITTER GOURD,214.5
2023-04-15,Dambulla,BITTER GOURD,120.0
2023-05-15,Dambulla,BITTER GOURD,334.4
2023-06-15,Dambulla,BITTER GOURD,418.0
2023-07-15,Dambulla,BITTER GOURD,238.4
2023-08-15,Dambulla,BITTER GOURD,175.0
2023-09-15,Dambulla,BITTER GOURD,235.0
2023-10-15,Dambulla,BITTER GOURD,261.6
2023-11-15,Dambulla,BITTER GOURD,476.0
2023-12-15,Dambulla,BITTER GOURD,348.5
2024-01-15,Dambulla,BITTER GOURD,355.6
2024-02-15,Dambulla,BITTER GOURD,340.0
2024-03-15,Dambulla,BITTER GOURD,169.0
2024-04-15,Dambulla,BITTER GOURD,101.0
2024-05-15,Dambulla,BITTER GOURD,245.5
2024-06-15,Dambulla,BITTER GOURD,510.0
2024-07-15,Dambulla,BITTER GOURD,287.6
2024-08-15,Dambulla,BITTER GOURD,120.0
2024-09-15,Dambulla,BITTER GOURD,214.4
2024-10-15,Dambulla,BITTER GOURD,325.5
2024-11-15,Dambulla,BITTER GOURD,350.0
2024-12-15,Dambulla,BITTER GOURD,496.0
2000-01-15,Dambulla,BRINJALS,13.31
2000-02-15,Dambulla,BRINJALS,8.25
2000-03-15,Dambulla,BRINJALS,6.19
2000-04-15,Dambulla,BRINJALS,7.33
2000-05-15,Dambulla,BRINJALS,14.9
2000-06-15,Dambulla,BRINJALS,16.2
2000-07-15,Dambulla,BRINJALS,12.38
2000-08-15,Dambulla,BRINJALS,13.31
2000-09-15,Dambulla,BRINJALS,11.81
2000-10-15,Dambulla,BRINJALS,14.31
2000-11-15,Dambulla,BRINJALS,13.88
2000-12-15,Dambulla,BRINJALS,17.25
2001-01-15,Dambulla,BRINJALS,17.0
2001-02-15,Dambulla,BRINJALS,13.25
2001-03-15,Dambulla,BRINJALS,9.83
2001-04-15,Dambulla,BRINJALS,11.38
2001-05-15,Dambulla,BRINJALS,16.38
2001-06-15,Dambulla,BRINJALS,17.17
2001-07-15,Dambulla,BRINJALS,19.19
2001-08-15,Dambulla,BRINJALS,13.0
2001-09-15,Dambulla,BRINJALS,16.38
2001-10-15,Dambulla,BRINJALS,18.67
2001-11-15,Dambulla,BRINJALS,18.13
2001-12-15,Dambulla,BRINJALS,14.88
2002-01-15,Dambulla,BRINJALS,13.5
2002-02-15,Dambulla,BRINJALS,8.25
2002-03-15,Dambulla,BRINJALS,11.5
2002-04-15,Dambulla,BRINJALS,13.66
2002-05-15,Dambulla,BRINJALS,21.65
2002-06-15,Dambulla,BRINJALS,20.25
2002-07-15,Dambulla,BRINJALS,18.92
2002-08-15,Dambulla,BRINJALS,17.63
2002-09-15,Dambulla,BRINJALS,17.95
2002-10-15,Dambulla,BRINJALS,20.73
2002-11-15,Dambulla,BRINJALS,15.75
2002-12-15,Dambulla,BRINJALS,36.25
2003-01-15,Dambulla,BRINJALS,30.25
2003-02-15,Dambulla,BRINJALS,16.83
2003-03-15,Dambulla,BRINJALS,14.69
2003-04-15,Dambulla,BRINJALS,10.0
2003-05-15,Dambulla,BRINJALS,15.5
2003-06-15,Dambulla,BRINJALS,16.5
2003-07-15,Dambulla,BRINJALS,12.81
2003-08-15,Dambulla,BRINJALS,11.5
2003-09-15,Dambulla,BRINJALS,16.57
2003-10-15,Dambulla,BRINJALS,17.2
2003-11-15,Dambulla,BRINJALS,14.25
2003-12-15,Dambulla,BRINJALS,26.86
2004-01-15,Dambulla,BRINJALS,9.55
2004-02-15,Dambulla,BRINJALS,15.18
2004-03-15,Dambulla,BRINJALS,8.64
2004-04-15,Dambulla,BRINJALS,12.07
2004-05-15,Dambulla,BRINJALS,15.5
2004-06-15,Dambulla,BRINJALS,14.8
2004-07-15,Dambulla,BRINJALS,17.1
2004-08-15,Dambulla,BRINJALS,15.72
2004-09-15,Dambulla,BRINJALS,19.25
2004-10-15,Dambulla,BRINJALS,24.845
2004-11-15,Dambulla,BRINJALS,30.44
2004-12-15,Dambulla,BRINJALS,40.25
2005-01-15,Dambulla,BRINJALS,26.4
2005-02-15,Dambulla,BRINJALS,27.1
2005-04-15,Dambulla,BRINJALS,14.3
2005-05-15,Dambulla,BRINJALS,16.0
2005-06-15,Dambulla,BRINJALS,12.45
2005-07-15,Dambulla,BRINJALS,18.65
2005-08-15,Dambulla,BRINJALS,13.27
2005-09-15,Dambulla,BRINJALS,16.7
2005-10-15,Dambulla,BRINJALS,17.15
2005-11-15,Dambulla,BRINJALS,20.6
2005-12-15,Dambulla,BRINJALS,26.73
2006-01-15,Dambulla,BRINJALS,25.0
2006-02-15,Dambulla,BRINJALS,11.23
2006-03-15,Dambulla,BRINJALS,10.4
2006-04-15,Dambulla,BRINJALS,9.9
2006-05-15,Dambulla,BRINJALS,21.94
2006-06-15,Dambulla,BRINJALS,13.53
2006-07-15,Dambulla,BRINJALS,14.5
2006-08-15,Dambulla,BRINJALS,20.0
2006-09-15,Dambulla,BRINJALS,26.8
2006-10-15,Dambulla,BRINJALS,25.36
2006-11-15,Dambulla,BRINJALS,35.25
2006-12-15,Dambulla,BRINJALS,36.35
2007-01-15,Dambulla,BRINJALS,35.7
2007-02-15,Dambulla,BRINJALS,13.45
2007-03-15,Dambulla,BRINJALS,10.13
2007-04-15,Dambulla,BRINJALS,14.33
2007-05-15,Dambulla,BRINJALS,21.7
2007-06-15,Dambulla,BRINJALS,23.13
2007-07-15,Dambulla,BRINJALS,24.99
2007-08-15,Dambulla,BRINJALS,16.55
2007-09-15,Dambulla,BRINJALS,26.24
2007-10-15,Dambulla,BRINJALS,27.53
2007-11-15,Dambulla,BRINJALS,31.53
2007-12-15,Dambulla,BRINJALS,26.28
2008-01-15,Dambulla,BRINJALS,49.53
2008-02-15,Dambulla,BRINJALS,13.7
2008-03-15,Dambulla,BRINJALS,33.9
2008-04-15,Dambulla,BRINJALS,30.67
2008-05-15,Dambulla,BRINJALS,40.83
2008-06-15,Dambulla,BRINJALS,39.25
2008-07-15,Dambulla,BRINJALS,19.4
2008-08-15,Dambulla,BRINJALS,26.3
2008-09-15,Dambulla,BRINJALS,29.84
2008-10-15,Dambulla,BRINJALS,24.65
2008-11-15,Dambulla,BRINJALS,28.2
2008-12-15,Dambulla,BRINJALS,25.6
2009-01-15,Dambulla,BRINJALS,27.95
2009-02-15,Dambulla,BRINJALS,12.55
2009-03-15,Dambulla,BRINJALS,11.32
2009-04-15,Dambulla,BRINJALS,21.25
2009-05-15,Dambulla,BRINJALS,29.8
2009-06-15,Dambulla,BRINJALS,35.6
2009-07-15,Dambulla,BRINJALS,24.35
2009-08-15,Dambulla,BRINJALS,21.2
2009-09-15,Dambulla,BRINJALS,37.0
2009-10-15,Dambulla,BRINJALS,35.6
2009-11-15,Dambulla,BRINJALS,43.16
2009-12-15,Dambulla,BRINJALS,52.15
2010-01-15,Dambulla,BRINJALS,61.55
2010-02-15,Dambulla,BRINJALS,12.4
2010-03-15,Dambulla,BRINJALS,26.72
2010-04-15,Dambulla,BRINJALS,14.93
2010-05-15,Dambulla,BRINJALS,36.1
2010-06-15,Dambulla,BRINJALS,23.07
2010-07-15,Dambulla,BRINJALS,14.8
2010-08-15,Dambulla,BRINJALS,20.48
2010-09-15,Dambulla,BRINJALS,35.6
2010-10-15,Dambulla,BRINJALS,31.7
2010-11-15,Dambulla,BRINJALS,25.96
2010-12-15,Dambulla,BRINJALS,62.45
2011-01-15,Dambulla,BRINJALS,105.4
2011-02-15,Dambulla,BRINJALS,112.5
2011-03-15,Dambulla,BRINJALS,39.87
2011-04-15,Dambulla,BRINJALS,88.0
2011-05-15,Dambulla,BRINJALS,49.4
2011-06-15,Dambulla,BRINJALS,25.5
2011-07-15,Dambulla,BRINJALS,15.2
2011-08-15,Dambulla,BRINJALS,27.76
2011-09-15,Dambulla,BRINJALS,36.4
2011-10-15,Dambulla,BRINJALS,19.12
2011-11-15,Dambulla,BRINJALS,47.05
2011-12-15,Dambulla,BRINJALS,23.35
2012-01-15,Dambulla,BRINJALS,38.88
2012-02-15,Dambulla,BRINJALS,9.0
2012-03-15,Dambulla,BRINJALS,24.8
2012-04-15,Dambulla,BRINJALS,24.15
2012-05-15,Dambulla,BRINJALS,49.67
2012-06-15,Dambulla,BRINJALS,39.67
2012-07-15,Dambulla,BRINJALS,46.2
2012-08-15,Dambulla,BRINJALS,40.9
2012-09-15,Dambulla,BRINJALS,39.0
2012-10-15,Dambulla,BRINJALS,60.72
2012-11-15,Dambulla,BRINJALS,84.5
2012-12-15,Dambulla,BRINJALS,51.4
2013-01-15,Dambulla,BRINJALS,128.0
2013-02-15,Dambulla,BRINJALS,38.1
2013-03-15,Dambulla,BRINJALS,37.33
2013-04-15,Dambulla,BRINJALS,22.4
2013-05-15,Dambulla,BRINJALS,34.13
2013-06-15,Dambulla,BRINJALS,29.0
2013-07-15,Dambulla,BRINJALS,21.04
2013-08-15,Dambulla,BRINJALS,33.4
2013-09-15,Dambulla,BRINJALS,24.8
2013-10-15,Dambulla,BRINJALS,33.7
2013-11-15,Dambulla,BRINJALS,25.65
2013-12-15,Dambulla,BRINJALS,26.96
2014-01-15,Dambulla,BRINJALS,35.0
2014-02-15,Dambulla,BRINJALS,39.75
2014-03-15,Dambulla,BRINJALS,25.44
2014-04-15,Dambulla,BRINJALS,33.1
2014-05-15,Dambulla,BRINJALS,48.3
2014-06-15,Dambulla,BRINJALS,57.6
2014-07-15,Dambulla,BRINJALS,39.9
2014-08-15,Dambulla,BRINJALS,26.85
2014-09-15,Dambulla,BRINJALS,37.52
2014-10-15,Dambulla,BRINJALS,54.5
2014-11-15,Dambulla,BRINJALS,49.0
2014-12-15,Dambulla,BRINJALS,106.4
2015-01-15,Dambulla,BRINJALS,170.0
2015-02-15,Dambulla,BRINJALS,44.25
2015-03-15,Dambulla,BRINJALS,39.84
2015-04-15,Dambulla,BRINJALS,15.6
2015-05-15,Dambulla,BRINJALS,37.825
2015-06-15,Dambulla,BRINJALS,33.04
2015-07-15,Dambulla,BRINJALS,28.4
2015-08-15,Dambulla,BRINJALS,43.16
2015-09-15,Dambulla,BRINJALS,47.5
2015-10-15,Dambulla,BRINJALS,43.05
2015-11-15,Dambulla,BRINJALS,74.2
2015-12-15,Dambulla,BRINJALS,110.75
2016-01-15,Dambulla,BRINJALS,112.5
2016-02-15,Dambulla,BRINJALS,56.4
2016-03-15,Dambulla,BRINJALS,75.25
2016-04-15,Dambulla,BRINJALS,42.45
2016-05-15,Dambulla,BRINJALS,81.2
2016-06-15,Dambulla,BRINJALS,95.5
2016-07-15,Dambulla,BRINJALS,47.15
2016-08-15,Dambulla,BRINJALS,52.2
2016-09-15,Dambulla,BRINJALS,45.0
2016-10-15,Dambulla,BRINJALS,47.76
2016-11-15,Dambulla,BRINJALS,39.5
2016-12-15,Dambulla,BRINJALS,24.15
2017-01-15,Dambulla,BRINJALS,28.12
2017-02-15,Dambulla,BRINJALS,49.0
2017-03-15,Dambulla,BRINJALS,20.450000000000003
2017-04-15,Dambulla,BRINJALS,47.333333333333336
2017-05-15,Dambulla,BRINJALS,64.28
2017-06-15,Dambulla,BRINJALS,114.375
2017-07-15,Dambulla,BRINJALS,83.6
2017-08-15,Dambulla,BRINJALS,84.5
2017-09-15,Dambulla,BRINJALS,93.25
2017-10-15,Dambulla,BRINJALS,95.8
2017-11-15,Dambulla,BRINJALS,128.5
2017-12-15,Dambulla,BRINJALS,115.75
2018-01-15,Dambulla,BRINJALS,73.4
2018-02-15,Dambulla,BRINJALS,53.0
2018-03-15,Dambulla,BRINJALS,47.5
2018-04-15,Dambulla,BRINJALS,34.52
2018-05-15,Dambulla,BRINJALS,57.6875
2018-06-15,Dambulla,BRINJALS,83.25
2018-07-15,Dambulla,BRINJALS,48.92
2018-08-15,Dambulla,BRINJALS,73.5
2018-09-15,Dambulla,BRINJALS,83.75
2018-10-15,Dambulla,BRINJALS,76.67999999999999
2018-11-15,Dambulla,BRINJALS,119.5
2018-12-15,Dambulla,BRINJALS,91.8
2019-01-15,Dambulla,BRINJALS,81.25
2019-02-15,Dambulla,BRINJALS,36.5
2019-03-15,Dambulla,BRINJALS,73.75
2019-04-15,Dambulla,BRINJALS,26.840000000000003
2019-05-15,Dambulla,BRINJALS,80.5
2019-06-15,Dambulla,BRINJALS,56.75
2019-07-15,Dambulla,BRINJALS,51.0
2019-08-15,Dambulla,BRINJALS,54.25
2019-09-15,Dambulla,BRINJALS,88.6
2019-10-15,Dambulla,BRINJALS,71.75
2019-11-15,Dambulla,BRINJALS,90.75
2019-12-15,Dambulla,BRINJALS,167.4
2020-01-15,Dambulla,BRINJALS,99.25
2020-02-15,Dambulla,BRINJALS,75.0
2020-03-15,Dambulla,BRINJALS,92.5
2020-05-15,Dambulla,BRINJALS,68.66666666666667
2020-06-15,Dambulla,BRINJALS,77.2
2020-07-15,Dambulla,BRINJALS,56.35
2020-08-15,Dambulla,BRINJALS,91.2
2020-09-15,Dambulla,BRINJALS,45.25
2020-10-15,Dambulla,BRINJALS,76.65
2020-11-15,Dambulla,BRINJALS,77.33333333333333
2020-12-15,Dambulla,BRINJALS,70.33333333333333
2021-01-15,Dambulla,BRINJALS,130.5
2021-02-15,Dambulla,BRINJALS,136.75
2021-03-15,Dambulla,BRINJALS,56.25
2021-04-15,Dambulla,BRINJALS,134.75
2021-06-15,Dambulla,BRINJALS,135.0
2021-07-15,Dambulla,BRINJALS,109.0
2021-08-15,Dambulla,BRINJALS,151.75
2021-09-15,Dambulla,BRINJALS,126.5
2021-10-15,Dambulla,BRINJALS,171.5
2021-11-15,Dambulla,BRINJALS,186.0
2021-12-15,Dambulla,BRINJALS,253.0
2022-01-15,Dambulla,BRINJALS,238.0
2022-02-15,Dambulla,BRINJALS,150.5
2022-03-15,Dambulla,BRINJALS,147.5
2022-04-15,Dambulla,BRINJALS,193.5
2022-05-15,Dambulla,BRINJALS,287.6
2022-06-15,Dambulla,BRINJALS,253.0
2022-07-15,Dambulla,BRINJALS,242.125
2022-08-15,Dambulla,BRINJALS,318.0
2022-09-15,Dambulla,BRINJALS,255.0
2022-10-15,Dambulla,BRINJALS,255.2
2022-11-15,Dambulla,BRINJALS,332.5
2022-12-15,Dambulla,BRINJALS,185.375
2023-01-15,Dambulla,BRINJALS,286.8
2023-02-15,Dambulla,BRINJALS,146.75
2023-03-15,Dambulla,BRINJALS,143.5
2023-04-15,Dambulla,BRINJALS,173.0
2023-05-15,Dambulla,BRINJALS,279.2
2023-06-15,Dambulla,BRINJALS,170.0
2023-07-15,Dambulla,BRINJALS,264.6
2023-08-15,Dambulla,BRINJALS,204.5
2023-09-15,Dambulla,BRINJALS,215.0
2023-10-15,Dambulla,BRINJALS,225.2
2023-11-15,Dambulla,BRINJALS,293.5
2023-12-15,Dambulla,BRINJALS,328.5
2024-01-15,Dambulla,BRINJALS,470.0
2024-02-15,Dambulla,BRINJALS,180.75
2024-03-15,Dambulla,BRINJALS,156.0
2024-04-15,Dambulla,BRINJALS,104.6
2024-05-15,Dambulla,BRINJALS,189.5
2024-06-15,Dambulla,BRINJALS,305.5
2024-07-15,Dambulla,BRINJALS,180.0
2024-08-15,Dambulla,BRINJALS,163.0
2024-09-15,Dambulla,BRINJALS,200.4
2024-10-15,Dambulla,BRINJALS,138.0
2024-11-15,Dambulla,BRINJALS,199.0
2024-12-15,Dambulla,BRINJALS,291.2
2000-01-15,Dambulla,CABBAGE,15.03
2000-02-15,Dambulla,CABBAGE,11.5
2000-03-15,Dambulla,CABBAGE,11.39
2000-04-15,Dambulla,CABBAGE,19.58
2000-05-15,Dambulla,CABBAGE,15.62
2000-06-15,Dambulla,CABBAGE,13.0
2000-07-15,Dambulla,CABBAGE,15.1
2000-08-15,Dambulla,CABBAGE,13.91
2000-09-15,Dambulla,CABBAGE,16.94
2000-10-15,Dambulla,CABBAGE,16.7
2000-11-15,Dambulla,CABBAGE,16.22
2000-12-15,Dambulla,CABBAGE,17.5
2001-01-15,Dambulla,CABBAGE,20.17
2001-02-15,Dambulla,CABBAGE,19.67
2001-03-15,Dambulla,CABBAGE,27.33
2001-04-15,Dambulla,CABBAGE,19.13
2001-05-15,Dambulla,CABBAGE,25.06
2001-06-15,Dambulla,CABBAGE,27.33
2001-07-15,Dambulla,CABBAGE,24.81
2001-08-15,Dambulla,CABBAGE,20.0
2001-09-15,Dambulla,CABBAGE,20.88
2001-10-15,Dambulla,CABBAGE,17.39
2001-11-15,Dambulla,CABBAGE,19.17
2001-12-15,Dambulla,CABBAGE,18.38
2002-01-15,Dambulla,CABBAGE,13.25
2002-02-15,Dambulla,CABBAGE,12.0
2002-03-15,Dambulla,CABBAGE,13.88
2002-04-15,Dambulla,CABBAGE,11.99
2002-05-15,Dambulla,CABBAGE,31.08
2002-06-15,Dambulla,CABBAGE,35.81
2002-07-15,Dambulla,CABBAGE,32.25
2002-08-15,Dambulla,CABBAGE,28.88
2002-09-15,Dambulla,CABBAGE,23.75
2002-10-15,Dambulla,CABBAGE,22.33
2002-11-15,Dambulla,CABBAGE,19.75
2002-12-15,Dambulla,CABBAGE,24.42
2003-01-15,Dambulla,CABBAGE,34.25
2003-02-15,Dambulla,CABBAGE,30.25
2003-03-15,Dambulla,CABBAGE,20.13
2003-04-15,Dambulla,CABBAGE,15.75
2003-05-15,Dambulla,CABBAGE,19.88
2003-06-15,Dambulla,CABBAGE,19.69
2003-07-15,Dambulla,CABBAGE,11.13
2003-08-15,Dambulla,CABBAGE,11.58
2003-09-15,Dambulla,CABBAGE,13.21
2003-10-15,Dambulla,CABBAGE,14.7
2003-11-15,Dambulla,CABBAGE,13.95
2003-12-15,Dambulla,CABBAGE,18.07
2004-01-15,Dambulla,CABBAGE,15.85
2004-02-15,Dambulla,CABBAGE,9.25
2004-03-15,Dambulla,CABBAGE,6.62
2004-04-15,Dambulla,CABBAGE,17.21
2004-05-15,Dambulla,CABBAGE,27.8
2004-06-15,Dambulla,CABBAGE,29.6
2004-07-15,Dambulla,CABBAGE,30.95
2004-08-15,Dambulla,CABBAGE,28.72
2004-09-15,Dambulla,CABBAGE,20.1
2004-10-15,Dambulla,CABBAGE,21.27
2004-11-15,Dambulla,CABBAGE,22.44
2004-12-15,Dambulla,CABBAGE,28.85
2005-01-15,Dambulla,CABBAGE,26.6
2005-02-15,Dambulla,CABBAGE,28.05
2005-04-15,Dambulla,CABBAGE,25.1
2005-05-15,Dambulla,CABBAGE,21.76
2005-06-15,Dambulla,CABBAGE,16.75
2005-07-15,Dambulla,CABBAGE,18.05
2005-08-15,Dambulla,CABBAGE,17.07
2005-09-15,Dambulla,CABBAGE,16.85
2005-10-15,Dambulla,CABBAGE,21.5
2005-11-15,Dambulla,CABBAGE,27.4
2005-12-15,Dambulla,CABBAGE,23.07
2006-01-15,Dambulla,CABBAGE,19.53
2006-02-15,Dambulla,CABBAGE,13.7
2006-03-15,Dambulla,CABBAGE,10.05
2006-04-15,Dambulla,CABBAGE,13.8
2006-05-15,Dambulla,CABBAGE,29.12
2006-06-15,Dambulla,CABBAGE,38.93
2006-07-15,Dambulla,CABBAGE,32.05
2006-08-15,Dambulla,CABBAGE,32.2
2006-09-15,Dambulla,CABBAGE,28.25
2006-10-15,Dambulla,CABBAGE,22.35
2006-11-15,Dambulla,CABBAGE,22.95
2006-12-15,Dambulla,CABBAGE,32.39
2007-01-15,Dambulla,CABBAGE,42.45
2007-02-15,Dambulla,CABBAGE,38.65
2007-03-15,Dambulla,CABBAGE,22.8
2007-04-15,Dambulla,CABBAGE,15.67
2007-05-15,Dambulla,CABBAGE,23.45
2007-06-15,Dambulla,CABBAGE,18.27
2007-07-15,Dambulla,CABBAGE,15.7
2007-08-15,Dambulla,CABBAGE,17.5
2007-09-15,Dambulla,CABBAGE,17.08
2007-10-15,Dambulla,CABBAGE,19.67
2007-11-15,Dambulla,CABBAGE,35.13
2007-12-15,Dambulla,CABBAGE,20.56
2008-01-15,Dambulla,CABBAGE,17.67
2008-02-15,Dambulla,CABBAGE,14.6
2008-03-15,Dambulla,CABBAGE,20.3
2008-04-15,Dambulla,CABBAGE,28.0
2008-05-15,Dambulla,CABBAGE,68.45
2008-06-15,Dambulla,CABBAGE,53.4
2008-07-15,Dambulla,CABBAGE,43.6
2008-08-15,Dambulla,CABBAGE,27.3
2008-09-15,Dambulla,CABBAGE,18.04
2008-10-15,Dambulla,CABBAGE,18.4
2008-11-15,Dambulla,CABBAGE,16.4
2008-12-15,Dambulla,CABBAGE,14.65
2009-01-15,Dambulla,CABBAGE,25.75
2009-02-15,Dambulla,CABBAGE,23.6
2009-03-15,Dambulla,CABBAGE,17.52
2009-04-15,Dambulla,CABBAGE,16.6
2009-05-15,Dambulla,CABBAGE,27.53
2009-06-15,Dambulla,CABBAGE,36.28
2009-07-15,Dambulla,CABBAGE,42.15
2009-08-15,Dambulla,CABBAGE,41.0
2009-09-15,Dambulla,CABBAGE,30.5
2009-10-15,Dambulla,CABBAGE,33.93
2009-11-15,Dambulla,CABBAGE,31.68
2009-12-15,Dambulla,CABBAGE,41.5
2010-01-15,Dambulla,CABBAGE,43.55
2010-02-15,Dambulla,CABBAGE,31.13
2010-03-15,Dambulla,CABBAGE,28.44
2010-04-15,Dambulla,CABBAGE,16.73
2010-05-15,Dambulla,CABBAGE,32.6
2010-06-15,Dambulla,CABBAGE,43.53
2010-07-15,Dambulla,CABBAGE,40.85
2010-08-15,Dambulla,CABBAGE,40.72
2010-09-15,Dambulla,CABBAGE,35.45
2010-10-15,Dambulla,CABBAGE,30.05
2010-11-15,Dambulla,CABBAGE,28.92
2010-12-15,Dambulla,CABBAGE,39.55
2011-01-15,Dambulla,CABBAGE,48.78
2011-02-15,Dambulla,CABBAGE,62.9
2011-03-15,Dambulla,CABBAGE,66.4
2011-04-15,Dambulla,CABBAGE,79.0
2011-05-15,Dambulla,CABBAGE,49.52
2011-06-15,Dambulla,CABBAGE,36.65
2011-07-15,Dambulla,CABBAGE,27.9
2011-08-15,Dambulla,CABBAGE,15.2
2011-09-15,Dambulla,CABBAGE,14.95
2011-10-15,Dambulla,CABBAGE,23.28
2011-11-15,Dambulla,CABBAGE,44.0
2011-12-15,Dambulla,CABBAGE,76.5
2012-01-15,Dambulla,CABBAGE,48.2
2012-02-15,Dambulla,CABBAGE,17.0
2012-03-15,Dambulla,CABBAGE,12.4
2012-04-15,Dambulla,CABBAGE,11.0
2012-05-15,Dambulla,CABBAGE,25.13
2012-06-15,Dambulla,CABBAGE,41.67
2012-07-15,Dambulla,CABBAGE,49.6
2012-08-15,Dambulla,CABBAGE,44.45
2012-09-15,Dambulla,CABBAGE,37.8
2012-10-15,Dambulla,CABBAGE,47.32
2012-11-15,Dambulla,CABBAGE,68.5
2012-12-15,Dambulla,CABBAGE,46.24
2013-01-15,Dambulla,CABBAGE,47.25
2013-02-15,Dambulla,CABBAGE,37.5
2013-03-15,Dambulla,CABBAGE,35.67
2013-04-15,Dambulla,CABBAGE,35.75
2013-05-15,Dambulla,CABBAGE,51.93
2013-06-15,Dambulla,CABBAGE,61.7
2013-07-15,Dambulla,CABBAGE,63.64
2013-08-15,Dambulla,CABBAGE,45.05
2013-09-15,Dambulla,CABBAGE,23.76
2013-10-15,Dambulla,CABBAGE,22.15
2013-11-15,Dambulla,CABBAGE,14.9
2013-12-15,Dambulla,CABBAGE,14.0
2014-01-15,Dambulla,CABBAGE,13.3
2014-02-15,Dambulla,CABBAGE,15.85
2014-03-15,Dambulla,CABBAGE,14.48
2014-04-15,Dambulla,CABBAGE,12.1
2014-05-15,Dambulla,CABBAGE,37.85
2014-06-15,Dambulla,CABBAGE,79.96
2014-07-15,Dambulla,CABBAGE,83.0
2014-08-15,Dambulla,CABBAGE,44.85
2014-09-15,Dambulla,CABBAGE,32.2
2014-10-15,Dambulla,CABBAGE,31.4
2014-11-15,Dambulla,CABBAGE,56.9
2014-12-15,Dambulla,CABBAGE,77.12
2015-01-15,Dambulla,CABBAGE,101.0
2015-02-15,Dambulla,CABBAGE,72.75
2015-03-15,Dambulla,CABBAGE,33.48
2015-04-15,Dambulla,CABBAGE,19.0
2015-05-15,Dambulla,CABBAGE,37.45
2015-06-15,Dambulla,CABBAGE,50.92
2015-07-15,Dambulla,CABBAGE,40.3
2015-08-15,Dambulla,CABBAGE,36.72
2015-09-15,Dambulla,CABBAGE,25.6
2015-10-15,Dambulla,CABBAGE,37.75
2015-11-15,Dambulla,CABBAGE,91.2
2015-12-15,Dambulla,CABBAGE,120.75
2016-01-15,Dambulla,CABBAGE,76.5
2016-02-15,Dambulla,CABBAGE,63.5
2016-03-15,Dambulla,CABBAGE,45.6
2016-04-15,Dambulla,CABBAGE,45.9
2016-05-15,Dambulla,CABBAGE,75.2
2016-06-15,Dambulla,CABBAGE,112.25
2016-07-15,Dambulla,CABBAGE,99.5
2016-08-15,Dambulla,CABBAGE,58.4
2016-09-15,Dambulla,CABBAGE,42.35
2016-10-15,Dambulla,CABBAGE,38.56
2016-11-15,Dambulla,CABBAGE,24.1
2016-12-15,Dambulla,CABBAGE,17.25
2017-01-15,Dambulla,CABBAGE,11.24
2017-02-15,Dambulla,CABBAGE,14.0
2017-03-15,Dambulla,CABBAGE,26.200000000000003
2017-04-15,Dambulla,CABBAGE,76.0
2017-05-15,Dambulla,CABBAGE,105.0
2017-06-15,Dambulla,CABBAGE,96.5
2017-07-15,Dambulla,CABBAGE,75.4
2017-08-15,Dambulla,CABBAGE,45.5
2017-09-15,Dambulla,CABBAGE,49.45
2017-10-15,Dambulla,CABBAGE,75.9
2017-11-15,Dambulla,CABBAGE,96.5
2017-12-15,Dambulla,CABBAGE,80.25
2018-01-15,Dambulla,CABBAGE,36.92
2018-02-15,Dambulla,CABBAGE,28.950000000000003
2018-03-15,Dambulla,CABBAGE,25.1
2018-04-15,Dambulla,CABBAGE,30.48
2018-05-15,Dambulla,CABBAGE,41.0875
2018-06-15,Dambulla,CABBAGE,85.5
2018-07-15,Dambulla,CABBAGE,125.6
2018-08-15,Dambulla,CABBAGE,88.25
2018-09-15,Dambulla,CABBAGE,76.9
2018-10-15,Dambulla,CABBAGE,52.84
2018-11-15,Dambulla,CABBAGE,95.25
2018-12-15,Dambulla,CABBAGE,78.8
2019-01-15,Dambulla,CABBAGE,37.3
2019-02-15,Dambulla,CABBAGE,17.7
2019-03-15,Dambulla,CABBAGE,25.7
2019-04-15,Dambulla,CABBAGE,30.880000000000003
2019-05-15,Dambulla,CABBAGE,52.5
2019-06-15,Dambulla,CABBAGE,42.75
2019-07-15,Dambulla,CABBAGE,28.640000000000004
2019-08-15,Dambulla,CABBAGE,26.55
2019-09-15,Dambulla,CABBAGE,58.4
2019-10-15,Dambulla,CABBAGE,83.5
2019-11-15,Dambulla,CABBAGE,91.5625
2019-12-15,Dambulla,CABBAGE,75.88
2020-01-15,Dambulla,CABBAGE,105.0
2020-02-15,Dambulla,CABBAGE,98.5
2020-03-15,Dambulla,CABBAGE,81.0
2020-05-15,Dambulla,CABBAGE,38.86666666666667
2020-06-15,Dambulla,CABBAGE,68.0
2020-07-15,Dambulla,CABBAGE,64.75
2020-08-15,Dambulla,CABBAGE,83.67999999999999
2020-09-15,Dambulla,CABBAGE,64.75
2020-10-15,Dambulla,CABBAGE,58.0
2020-11-15,Dambulla,CABBAGE,38.4
2020-12-15,Dambulla,CABBAGE,27.53333333333333
2021-01-15,Dambulla,CABBAGE,29.35
2021-02-15,Dambulla,CABBAGE,58.1
2021-03-15,Dambulla,CABBAGE,77.55
2021-04-15,Dambulla,CABBAGE,65.75
2021-06-15,Dambulla,CABBAGE,107.0
2021-07-15,Dambulla,CABBAGE,91.75
2021-08-15,Dambulla,CABBAGE,104.0
2021-09-15,Dambulla,CABBAGE,88.375
2021-10-15,Dambulla,CABBAGE,76.0
2021-11-15,Dambulla,CABBAGE,153.6
2021-12-15,Dambulla,CABBAGE,248.0
2022-01-15,Dambulla,CABBAGE,187.2
2022-02-15,Dambulla,CABBAGE,106.5
2022-03-15,Dambulla,CABBAGE,64.25
2022-04-15,Dambulla,CABBAGE,45.0
2022-05-15,Dambulla,CABBAGE,119.6
2022-06-15,Dambulla,CABBAGE,208.0
2022-07-15,Dambulla,CABBAGE,214.5
2022-08-15,Dambulla,CABBAGE,278.0
2022-09-15,Dambulla,CABBAGE,273.5
2022-10-15,Dambulla,CABBAGE,212.8
2022-11-15,Dambulla,CABBAGE,166.0
2022-12-15,Dambulla,CABBAGE,105.0
2023-01-15,Dambulla,CABBAGE,50.2
2023-02-15,Dambulla,CABBAGE,42.0
2023-03-15,Dambulla,CABBAGE,60.25
2023-04-15,Dambulla,CABBAGE,103.25
2023-05-15,Dambulla,CABBAGE,208.4
2023-06-15,Dambulla,CABBAGE,185.75
2023-07-15,Dambulla,CABBAGE,140.0
2023-08-15,Dambulla,CABBAGE,137.0
2023-09-15,Dambulla,CABBAGE,61.5
2023-10-15,Dambulla,CABBAGE,91.0
2023-11-15,Dambulla,CABBAGE,230.5
2023-12-15,Dambulla,CABBAGE,308.0
2024-01-15,Dambulla,CABBAGE,501.6
2024-02-15,Dambulla,CABBAGE,338.0
2024-03-15,Dambulla,CABBAGE,301.5
2024-04-15,Dambulla,CABBAGE,120.4
2024-05-15,Dambulla,CABBAGE,97.5
2024-06-15,Dambulla,CABBAGE,148.5
2024-07-15,Dambulla,CABBAGE,228.4
2024-08-15,Dambulla,CABBAGE,185.5
2024-09-15,Dambulla,CABBAGE,168.4
2024-10-15,Dambulla,CABBAGE,99.0
2024-11-15,Dambulla,CABBAGE,77.75
2024-12-15,Dambulla,CABBAGE,128.8
2000-01-15,Dambulla,CARROT,35.19
2000-02-15,Dambulla,CARROT,30.67
2000-03-15,Dambulla,CARROT,27.88
2000-04-15,Dambulla,CARROT,33.13
2000-05-15,Dambulla,CARROT,29.9
2000-06-15,Dambulla,CARROT,31.42
2000-07-15,Dambulla,CARROT,23.31
2000-08-15,Dambulla,CARROT,24.0
2000-09-15,Dambulla,CARROT,21.81
2000-10-15,Dambulla,CARROT,23.13
2000-11-15,Dambulla,CARROT,22.75
2000-12-15,Dambulla,CARROT,22.0
2001-01-15,Dambulla,CARROT,32.08
2001-02-15,Dambulla,CARROT,32.25
2001-03-15,Dambulla,CARROT,33.42
2001-04-15,Dambulla,CARROT,31.88
2001-05-15,Dambulla,CARROT,34.31
2001-06-15,Dambulla,CARROT,40.5
2001-07-15,Dambulla,CARROT,35.17
2001-08-15,Dambulla,CARROT,26.0
2001-09-15,Dambulla,CARROT,23.38
2001-10-15,Dambulla,CARROT,18.08
2001-11-15,Dambulla,CARROT,23.13
2001-12-15,Dambulla,CARROT,34.38
2002-01-15,Dambulla,CARROT,40.0
2002-02-15,Dambulla,CARROT,33.88
2002-03-15,Dambulla,CARROT,41.38
2002-04-15,Dambulla,CARROT,40.81
2002-05-15,Dambulla,CARROT,51.0
2002-06-15,Dambulla,CARROT,61.63
2002-07-15,Dambulla,CARROT,37.35
2002-08-15,Dambulla,CARROT,23.5
2002-09-15,Dambulla,CARROT,23.35
2002-10-15,Dambulla,CARROT,20.53
2002-11-15,Dambulla,CARROT,36.98
2002-12-15,Dambulla,CARROT,67.28
2003-01-15,Dambulla,CARROT,65.58
2003-02-15,Dambulla,CARROT,42.75
2003-03-15,Dambulla,CARROT,40.88
2003-04-15,Dambulla,CARROT,30.0
2003-05-15,Dambulla,CARROT,29.38
2003-06-15,Dambulla,CARROT,33.13
2003-07-15,Dambulla,CARROT,29.23
2003-08-15,Dambulla,CARROT,25.25
2003-09-15,Dambulla,CARROT,23.25
2003-10-15,Dambulla,CARROT,21.45
2003-11-15,Dambulla,CARROT,27.35
2003-12-15,Dambulla,CARROT,39.17
2004-01-15,Dambulla,CARROT,35.8
2004-02-15,Dambulla,CARROT,31.1
2004-03-15,Dambulla,CARROT,28.64
2004-04-15,Dambulla,CARROT,54.32
2004-05-15,Dambulla,CARROT,80.0
2004-06-15,Dambulla,CARROT,60.8
2004-07-15,Dambulla,CARROT,46.65
2004-08-15,Dambulla,CARROT,38.16
2004-09-15,Dambulla,CARROT,24.85
2004-10-15,Dambulla,CARROT,36.665
2004-11-15,Dambulla,CARROT,48.48
2004-12-15,Dambulla,CARROT,62.05
2005-01-15,Dambulla,CARROT,57.1
2005-02-15,Dambulla,CARROT,48.55
2005-04-15,Dambulla,CARROT,37.5
2005-05-15,Dambulla,CARROT,41.64
2005-06-15,Dambulla,CARROT,57.3
2005-07-15,Dambulla,CARROT,41.45
2005-08-15,Dambulla,CARROT,28.67
2005-09-15,Dambulla,CARROT,29.05
2005-10-15,Dambulla,CARROT,28.85
2005-11-15,Dambulla,CARROT,42.8
2005-12-15,Dambulla,CARROT,56.6
2006-01-15,Dambulla,CARROT,50.0
2006-02-15,Dambulla,CARROT,40.65
2006-03-15,Dambulla,CARROT,43.65
2006-04-15,Dambulla,CARROT,54.2
2006-05-15,Dambulla,CARROT,59.3
2006-06-15,Dambulla,CARROT,60.73
2006-07-15,Dambulla,CARROT,52.05
2006-08-15,Dambulla,CARROT,35.1
2006-09-15,Dambulla,CARROT,27.8
2006-10-15,Dambulla,CARROT,32.06
2006-11-15,Dambulla,CARROT,34.3
2006-12-15,Dambulla,CARROT,52.74
2007-01-15,Dambulla,CARROT,88.4
2007-02-15,Dambulla,CARROT,77.65
2007-03-15,Dambulla,CARROT,56.8
2007-04-15,Dambulla,CARROT,45.33
2007-05-15,Dambulla,CARROT,31.55
2007-06-15,Dambulla,CARROT,37.27
2007-07-15,Dambulla,CARROT,50.45
2007-08-15,Dambulla,CARROT,52.8
2007-09-15,Dambulla,CARROT,42.56
2007-10-15,Dambulla,CARROT,42.07
2007-11-15,Dambulla,CARROT,54.47
2007-12-15,Dambulla,CARROT,58.44
2008-01-15,Dambulla,CARROT,50.87
2008-02-15,Dambulla,CARROT,47.1
2008-03-15,Dambulla,CARROT,41.15
2008-04-15,Dambulla,CARROT,76.4
2008-05-15,Dambulla,CARROT,105.6
2008-06-15,Dambulla,CARROT,84.33
2008-07-15,Dambulla,CARROT,50.2
2008-08-15,Dambulla,CARROT,36.75
2008-09-15,Dambulla,CARROT,32.24
2008-10-15,Dambulla,CARROT,33.85
2008-11-15,Dambulla,CARROT,54.47
2008-12-15,Dambulla,CARROT,57.27
2009-01-15,Dambulla,CARROT,69.33
2009-02-15,Dambulla,CARROT,60.15
2009-03-15,Dambulla,CARROT,41.36
2009-04-15,Dambulla,CARROT,48.05
2009-05-15,Dambulla,CARROT,65.4
2009-06-15,Dambulla,CARROT,87.36
2009-07-15,Dambulla,CARROT,74.75
2009-08-15,Dambulla,CARROT,65.4
2009-09-15,Dambulla,CARROT,49.9
2009-10-15,Dambulla,CARROT,52.0
2009-11-15,Dambulla,CARROT,64.88
2009-12-15,Dambulla,CARROT,81.0
2010-01-15,Dambulla,CARROT,86.15
2010-02-15,Dambulla,CARROT,53.47
2010-03-15,Dambulla,CARROT,55.88
2010-04-15,Dambulla,CARROT,42.93
2010-05-15,Dambulla,CARROT,84.9
2010-06-15,Dambulla,CARROT,139.0
2010-07-15,Dambulla,CARROT,89.75
2010-08-15,Dambulla,CARROT,63.28
2010-09-15,Dambulla,CARROT,44.8
2010-10-15,Dambulla,CARROT,47.55
2010-11-15,Dambulla,CARROT,61.24
2010-12-15,Dambulla,CARROT,82.9
2011-01-15,Dambulla,CARROT,104.8
2011-02-15,Dambulla,CARROT,124.25
2011-03-15,Dambulla,CARROT,158.0
2011-04-15,Dambulla,CARROT,150.0
2011-05-15,Dambulla,CARROT,93.8
2011-06-15,Dambulla,CARROT,50.55
2011-07-15,Dambulla,CARROT,37.1
2011-08-15,Dambulla,CARROT,50.52
2011-09-15,Dambulla,CARROT,54.7
2011-10-15,Dambulla,CARROT,69.12
2011-11-15,Dambulla,CARROT,97.0
2011-12-15,Dambulla,CARROT,119.25
2012-01-15,Dambulla,CARROT,75.4
2012-02-15,Dambulla,CARROT,44.65
2012-03-15,Dambulla,CARROT,43.0
2012-04-15,Dambulla,CARROT,39.05
2012-05-15,Dambulla,CARROT,56.73
2012-06-15,Dambulla,CARROT,108.67
2012-07-15,Dambulla,CARROT,90.0
2012-08-15,Dambulla,CARROT,112.0
2012-09-15,Dambulla,CARROT,74.0
2012-10-15,Dambulla,CARROT,90.8
2012-11-15,Dambulla,CARROT,139.5
2012-12-15,Dambulla,CARROT,116.8
2013-01-15,Dambulla,CARROT,114.25
2013-02-15,Dambulla,CARROT,104.25
2013-03-15,Dambulla,CARROT,82.0
2013-04-15,Dambulla,CARROT,84.25
2013-05-15,Dambulla,CARROT,108.67
2013-06-15,Dambulla,CARROT,114.25
2013-07-15,Dambulla,CARROT,121.8
2013-08-15,Dambulla,CARROT,92.75
2013-09-15,Dambulla,CARROT,52.88
2013-10-15,Dambulla,CARROT,49.6
2013-11-15,Dambulla,CARROT,44.7
2013-12-15,Dambulla,CARROT,54.92
2014-01-15,Dambulla,CARROT,53.75
2014-02-15,Dambulla,CARROT,54.13
2014-03-15,Dambulla,CARROT,53.4
2014-04-15,Dambulla,CARROT,58.0
2014-05-15,Dambulla,CARROT,95.75
2014-06-15,Dambulla,CARROT,149.6
2014-07-15,Dambulla,CARROT,114.5
2014-08-15,Dambulla,CARROT,64.25
2014-09-15,Dambulla,CARROT,57.2
2014-10-15,Dambulla,CARROT,75.0
2014-11-15,Dambulla,CARROT,149.25
2014-12-15,Dambulla,CARROT,146.8
2015-01-15,Dambulla,CARROT,186.0
2015-02-15,Dambulla,CARROT,124.5
2015-03-15,Dambulla,CARROT,91.8
2015-04-15,Dambulla,CARROT,92.5
2015-05-15,Dambulla,CARROT,115.0
2015-06-15,Dambulla,CARROT,173.4
2015-07-15,Dambulla,CARROT,135.0
2015-08-15,Dambulla,CARROT,94.2
2015-09-15,Dambulla,CARROT,60.0
2015-10-15,Dambulla,CARROT,73.75
2015-11-15,Dambulla,CARROT,150.2
2015-12-15,Dambulla,CARROT,212.5
2016-01-15,Dambulla,CARROT,185.0
2016-02-15,Dambulla,CARROT,169.0
2016-03-15,Dambulla,CARROT,87.0
2016-04-15,Dambulla,CARROT,89.75
2016-05-15,Dambulla,CARROT,112.8
2016-06-15,Dambulla,CARROT,202.5
2016-07-15,Dambulla,CARROT,132.25
2016-08-15,Dambulla,CARROT,67.4
2016-09-15,Dambulla,CARROT,66.0
2016-10-15,Dambulla,CARROT,75.2
2016-11-15,Dambulla,CARROT,74.85
2016-12-15,Dambulla,CARROT,85.75
2017-01-15,Dambulla,CARROT,54.8
2017-02-15,Dambulla,CARROT,40.9
2017-03-15,Dambulla,CARROT,55.75
2017-04-15,Dambulla,CARROT,120.0
2017-05-15,Dambulla,CARROT,198.2
2017-06-15,Dambulla,CARROT,225.5
2017-07-15,Dambulla,CARROT,170.2
2017-08-15,Dambulla,CARROT,91.0
2017-09-15,Dambulla,CARROT,89.25
2017-10-15,Dambulla,CARROT,112.6
2017-11-15,Dambulla,CARROT,157.5
2017-12-15,Dambulla,CARROT,124.0
2018-01-15,Dambulla,CARROT,89.2
2018-02-15,Dambulla,CARROT,81.25
2018-03-15,Dambulla,CARROT,69.5
2018-04-15,Dambulla,CARROT,85.4
2018-05-15,Dambulla,CARROT,160.25
2018-06-15,Dambulla,CARROT,234.0
2018-07-15,Dambulla,CARROT,211.2
2018-08-15,Dambulla,CARROT,282.0
2018-09-15,Dambulla,CARROT,192.5
2018-10-15,Dambulla,CARROT,123.4
2018-11-15,Dambulla,CARROT,225.5
2018-12-15,Dambulla,CARROT,144.2
2019-01-15,Dambulla,CARROT,77.25
2019-02-15,Dambulla,CARROT,74.75
2019-03-15,Dambulla,CARROT,76.6
2019-04-15,Dambulla,CARROT,74.2
2019-05-15,Dambulla,CARROT,127.5
2019-06-15,Dambulla,CARROT,124.5
2019-07-15,Dambulla,CARROT,108.6
2019-08-15,Dambulla,CARROT,69.25
2019-09-15,Dambulla,CARROT,68.6
2019-10-15,Dambulla,CARROT,141.5
2019-11-15,Dambulla,CARROT,194.5
2019-12-15,Dambulla,CARROT,231.2
2020-01-15,Dambulla,CARROT,338.0
2020-02-15,Dambulla,CARROT,261.5
2020-03-15,Dambulla,CARROT,131.5
2020-05-15,Dambulla,CARROT,78.0
2020-06-15,Dambulla,CARROT,116.8
2020-07-15,Dambulla,CARROT,92.0
2020-08-15,Dambulla,CARROT,89.6
2020-09-15,Dambulla,CARROT,131.5
2020-10-15,Dambulla,CARROT,123.0
2020-11-15,Dambulla,CARROT,146.66666666666666
2020-12-15,Dambulla,CARROT,126.66666666666669
2021-01-15,Dambulla,CARROT,111.0
2021-02-15,Dambulla,CARROT,156.25
2021-03-15,Dambulla,CARROT,133.0
2021-04-15,Dambulla,CARROT,104.5
2021-06-15,Dambulla,CARROT,141.0
2021-07-15,Dambulla,CARROT,106.75
2021-08-15,Dambulla,CARROT,107.75
2021-09-15,Dambulla,CARROT,78.75
2021-10-15,Dambulla,CARROT,104.25
2021-11-15,Dambulla,CARROT,238.0
2021-12-15,Dambulla,CARROT,334.5
2022-01-15,Dambulla,CARROT,308.0
2022-02-15,Dambulla,CARROT,324.5
2022-03-15,Dambulla,CARROT,186.5
2022-04-15,Dambulla,CARROT,117.5
2022-05-15,Dambulla,CARROT,205.6
2022-06-15,Dambulla,CARROT,245.5
2022-07-15,Dambulla,CARROT,223.5
2022-08-15,Dambulla,CARROT,251.2
2022-09-15,Dambulla,CARROT,281.5
2022-10-15,Dambulla,CARROT,294.4
2022-11-15,Dambulla,CARROT,346.5
2022-12-15,Dambulla,CARROT,247.5
2023-01-15,Dambulla,CARROT,136.8
2023-02-15,Dambulla,CARROT,114.5
2023-03-15,Dambulla,CARROT,97.0
2023-04-15,Dambulla,CARROT,114.0
2023-05-15,Dambulla,CARROT,197.6
2023-06-15,Dambulla,CARROT,322.5
2023-07-15,Dambulla,CARROT,394.4
2023-08-15,Dambulla,CARROT,347.5
2023-09-15,Dambulla,CARROT,161.0
2023-10-15,Dambulla,CARROT,191.6
2023-11-15,Dambulla,CARROT,293.5
2023-12-15,Dambulla,CARROT,379.0
2024-01-15,Dambulla,CARROT,1091.0
2024-02-15,Dambulla,CARROT,499.5
2024-03-15,Dambulla,CARROT,293.0
2024-04-15,Dambulla,CARROT,217.6
2024-05-15,Dambulla,CARROT,134.0
2024-06-15,Dambulla,CARROT,319.5
2024-07-15,Dambulla,CARROT,364.4
2024-08-15,Dambulla,CARROT,187.0
2024-09-15,Dambulla,CARROT,148.0
2024-10-15,Dambulla,CARROT,82.75
2024-11-15,Dambulla,CARROT,93.5
2024-12-15,Dambulla,CARROT,149.6
2000-01-15,Dambulla,PUMPKIN,5.9
2000-02-15,Dambulla,PUMPKIN,4.21
2000-03-15,Dambulla,PUMPKIN,5.32
2000-04-15,Dambulla,PUMPKIN,6.04
2000-05-15,Dambulla,PUMPKIN,8.2
2000-06-15,Dambulla,PUMPKIN,12.33
2000-07-15,Dambulla,PUMPKIN,14.53
2000-08-15,Dambulla,PUMPKIN,11.54
2000-09-15,Dambulla,PUMPKIN,13.94
2000-10-15,Dambulla,PUMPKIN,13.25
2000-11-15,Dambulla,PUMPKIN,8.94
2000-12-15,Dambulla,PUMPKIN,10.25
2001-01-15,Dambulla,PUMPKIN,13.75
2001-02-15,Dambulla,PUMPKIN,16.5
2001-03-15,Dambulla,PUMPKIN,19.42
2001-04-15,Dambulla,PUMPKIN,16.25
2001-05-15,Dambulla,PUMPKIN,14.88
2001-06-15,Dambulla,PUMPKIN,17.25
2001-07-15,Dambulla,PUMPKIN,25.75
2001-08-15,Dambulla,PUMPKIN,13.5
2001-09-15,Dambulla,PUMPKIN,11.88
2001-10-15,Dambulla,PUMPKIN,14.58
2001-11-15,Dambulla,PUMPKIN,11.25
2001-12-15,Dambulla,PUMPKIN,14.75
2002-01-15,Dambulla,PUMPKIN,10.25
2002-02-15,Dambulla,PUMPKIN,9.63
2002-03-15,Dambulla,PUMPKIN,13.13
2002-04-15,Dambulla,PUMPKIN,14.31
2002-05-15,Dambulla,PUMPKIN,11.75
2002-06-15,Dambulla,PUMPKIN,10.5
2002-07-15,Dambulla,PUMPKIN,16.58
2002-08-15,Dambulla,PUMPKIN,10.75
2002-09-15,Dambulla,PUMPKIN,10.9
2002-10-15,Dambulla,PUMPKIN,11.58
2002-11-15,Dambulla,PUMPKIN,13.0
2002-12-15,Dambulla,PUMPKIN,7.25
2003-01-15,Dambulla,PUMPKIN,6.67
2003-02-15,Dambulla,PUMPKIN,10.25
2003-03-15,Dambulla,PUMPKIN,9.88
2003-04-15,Dambulla,PUMPKIN,6.25
2003-05-15,Dambulla,PUMPKIN,9.13
2003-06-15,Dambulla,PUMPKIN,10.44
2003-07-15,Dambulla,PUMPKIN,7.97
2003-08-15,Dambulla,PUMPKIN,6.58
2003-09-15,Dambulla,PUMPKIN,11.17
2003-10-15,Dambulla,PUMPKIN,13.95
2003-11-15,Dambulla,PUMPKIN,14.8
2003-12-15,Dambulla,PUMPKIN,14.12
2004-01-15,Dambulla,PUMPKIN,7.83
2004-02-15,Dambulla,PUMPKIN,7.28
2004-03-15,Dambulla,PUMPKIN,6.04
2004-04-15,Dambulla,PUMPKIN,8.245
2004-05-15,Dambulla,PUMPKIN,10.45
2004-06-15,Dambulla,PUMPKIN,9.5
2004-07-15,Dambulla,PUMPKIN,15.05
2004-08-15,Dambulla,PUMPKIN,12.92
2004-09-15,Dambulla,PUMPKIN,8.55
2004-10-15,Dambulla,PUMPKIN,9.375
2004-11-15,Dambulla,PUMPKIN,10.2
2004-12-15,Dambulla,PUMPKIN,5.45
2005-01-15,Dambulla,PUMPKIN,5.2
2005-02-15,Dambulla,PUMPKIN,9.48
2005-04-15,Dambulla,PUMPKIN,11.1
2005-05-15,Dambulla,PUMPKIN,15.16
2005-06-15,Dambulla,PUMPKIN,13.4
2005-07-15,Dambulla,PUMPKIN,11.6
2005-08-15,Dambulla,PUMPKIN,7.4
2005-09-15,Dambulla,PUMPKIN,8.73
2005-10-15,Dambulla,PUMPKIN,10.55
2005-11-15,Dambulla,PUMPKIN,16.64
2005-12-15,Dambulla,PUMPKIN,14.93
2006-01-15,Dambulla,PUMPKIN,10.73
2006-02-15,Dambulla,PUMPKIN,17.85
2006-03-15,Dambulla,PUMPKIN,12.85
2006-04-15,Dambulla,PUMPKIN,8.6
2006-05-15,Dambulla,PUMPKIN,7.4
2006-06-15,Dambulla,PUMPKIN,8.0
2006-07-15,Dambulla,PUMPKIN,7.6
2006-08-15,Dambulla,PUMPKIN,8.78
2006-09-15,Dambulla,PUMPKIN,15.05
2006-10-15,Dambulla,PUMPKIN,19.94
2006-11-15,Dambulla,PUMPKIN,24.6
2006-12-15,Dambulla,PUMPKIN,12.3
2007-01-15,Dambulla,PUMPKIN,15.1
2007-02-15,Dambulla,PUMPKIN,18.4
2007-03-15,Dambulla,PUMPKIN,10.8
2007-04-15,Dambulla,PUMPKIN,7.3
2007-05-15,Dambulla,PUMPKIN,9.95
2007-06-15,Dambulla,PUMPKIN,15.67
2007-07-15,Dambulla,PUMPKIN,20.1
2007-08-15,Dambulla,PUMPKIN,12.95
2007-09-15,Dambulla,PUMPKIN,13.72
2007-10-15,Dambulla,PUMPKIN,17.93
2007-11-15,Dambulla,PUMPKIN,16.33
2007-12-15,Dambulla,PUMPKIN,10.58
2008-01-15,Dambulla,PUMPKIN,10.47
2008-02-15,Dambulla,PUMPKIN,8.9
2008-03-15,Dambulla,PUMPKIN,10.38
2008-04-15,Dambulla,PUMPKIN,20.27
2008-05-15,Dambulla,PUMPKIN,33.6
2008-06-15,Dambulla,PUMPKIN,43.1
2008-07-15,Dambulla,PUMPKIN,26.2
2008-08-15,Dambulla,PUMPKIN,20.05
2008-09-15,Dambulla,PUMPKIN,14.4
2008-10-15,Dambulla,PUMPKIN,12.05
2008-11-15,Dambulla,PUMPKIN,17.93
2008-12-15,Dambulla,PUMPKIN,20.15
2009-01-15,Dambulla,PUMPKIN,21.9
2009-02-15,Dambulla,PUMPKIN,34.05
2009-03-15,Dambulla,PUMPKIN,29.16
2009-04-15,Dambulla,PUMPKIN,21.45
2009-05-15,Dambulla,PUMPKIN,18.8
2009-06-15,Dambulla,PUMPKIN,26.76
2009-07-15,Dambulla,PUMPKIN,19.9
2009-08-15,Dambulla,PUMPKIN,9.2
2009-09-15,Dambulla,PUMPKIN,8.75
2009-10-15,Dambulla,PUMPKIN,12.07
2009-11-15,Dambulla,PUMPKIN,29.32
2009-12-15,Dambulla,PUMPKIN,25.3
2010-01-15,Dambulla,PUMPKIN,22.7
2010-02-15,Dambulla,PUMPKIN,13.93
2010-03-15,Dambulla,PUMPKIN,25.52
2010-04-15,Dambulla,PUMPKIN,14.47
2010-05-15,Dambulla,PUMPKIN,20.6
2010-06-15,Dambulla,PUMPKIN,30.07
2010-07-15,Dambulla,PUMPKIN,31.6
2010-08-15,Dambulla,PUMPKIN,29.64
2010-09-15,Dambulla,PUMPKIN,35.0
2010-10-15,Dambulla,PUMPKIN,28.85
2010-11-15,Dambulla,PUMPKIN,23.44
2010-12-15,Dambulla,PUMPKIN,20.25
2011-01-15,Dambulla,PUMPKIN,18.34
2011-02-15,Dambulla,PUMPKIN,57.45
2011-03-15,Dambulla,PUMPKIN,46.33
2011-04-15,Dambulla,PUMPKIN,34.2
2011-05-15,Dambulla,PUMPKIN,17.76
2011-06-15,Dambulla,PUMPKIN,14.0
2011-07-15,Dambulla,PUMPKIN,12.6
2011-08-15,Dambulla,PUMPKIN,14.96
2011-09-15,Dambulla,PUMPKIN,33.75
2011-10-15,Dambulla,PUMPKIN,36.4
2011-11-15,Dambulla,PUMPKIN,52.25
2011-12-15,Dambulla,PUMPKIN,49.0
2012-01-15,Dambulla,PUMPKIN,26.96
2012-02-15,Dambulla,PUMPKIN,24.2
2012-03-15,Dambulla,PUMPKIN,18.27
2012-04-15,Dambulla,PUMPKIN,12.4
2012-05-15,Dambulla,PUMPKIN,20.13
2012-06-15,Dambulla,PUMPKIN,57.53
2012-07-15,Dambulla,PUMPKIN,41.72
2012-08-15,Dambulla,PUMPKIN,35.3
2012-09-15,Dambulla,PUMPKIN,45.6
2012-10-15,Dambulla,PUMPKIN,33.36
2012-11-15,Dambulla,PUMPKIN,51.6
2012-12-15,Dambulla,PUMPKIN,19.04
2013-01-15,Dambulla,PUMPKIN,17.35
2013-02-15,Dambulla,PUMPKIN,27.0
2013-03-15,Dambulla,PUMPKIN,38.4
2013-04-15,Dambulla,PUMPKIN,16.6
2013-05-15,Dambulla,PUMPKIN,24.67
2013-06-15,Dambulla,PUMPKIN,31.75
2013-07-15,Dambulla,PUMPKIN,17.92
2013-08-15,Dambulla,PUMPKIN,19.6
2013-09-15,Dambulla,PUMPKIN,22.04
2013-10-15,Dambulla,PUMPKIN,16.5
2013-11-15,Dambulla,PUMPKIN,26.2
2013-12-15,Dambulla,PUMPKIN,17.08
2014-01-15,Dambulla,PUMPKIN,14.6
2014-02-15,Dambulla,PUMPKIN,21.45
2014-03-15,Dambulla,PUMPKIN,21.56
2014-04-15,Dambulla,PUMPKIN,23.05
2014-05-15,Dambulla,PUMPKIN,44.9
2014-06-15,Dambulla,PUMPKIN,58.24
2014-07-15,Dambulla,PUMPKIN,32.5
2014-08-15,Dambulla,PUMPKIN,18.3
2014-09-15,Dambulla,PUMPKIN,15.0
2014-10-15,Dambulla,PUMPKIN,22.2
2014-11-15,Dambulla,PUMPKIN,28.5
2014-12-15,Dambulla,PUMPKIN,22.92
2015-01-15,Dambulla,PUMPKIN,38.65
2015-02-15,Dambulla,PUMPKIN,103.0
2015-03-15,Dambulla,PUMPKIN,55.96
2015-04-15,Dambulla,PUMPKIN,13.1
2015-05-15,Dambulla,PUMPKIN,14.35
2015-06-15,Dambulla,PUMPKIN,12.92
2015-07-15,Dambulla,PUMPKIN,23.25
2015-08-15,Dambulla,PUMPKIN,28.64
2015-09-15,Dambulla,PUMPKIN,29.6
2015-10-15,Dambulla,PUMPKIN,33.1
2015-11-15,Dambulla,PUMPKIN,30.440000000000005
2015-12-15,Dambulla,PUMPKIN,33.1
2016-01-15,Dambulla,PUMPKIN,43.1
2016-02-15,Dambulla,PUMPKIN,68.4
2016-03-15,Dambulla,PUMPKIN,22.25
2016-04-15,Dambulla,PUMPKIN,20.1
2016-05-15,Dambulla,PUMPKIN,37.64
2016-06-15,Dambulla,PUMPKIN,80.0
2016-07-15,Dambulla,PUMPKIN,109.25
2016-08-15,Dambulla,PUMPKIN,41.48
2016-09-15,Dambulla,PUMPKIN,23.2
2016-10-15,Dambulla,PUMPKIN,25.36
2016-11-15,Dambulla,PUMPKIN,30.0
2016-12-15,Dambulla,PUMPKIN,33.2
2017-01-15,Dambulla,PUMPKIN,43.96
2017-02-15,Dambulla,PUMPKIN,47.65
2017-03-15,Dambulla,PUMPKIN,53.35
2017-04-15,Dambulla,PUMPKIN,45.53333333333333
2017-05-15,Dambulla,PUMPKIN,48.96
2017-06-15,Dambulla,PUMPKIN,86.25
2017-07-15,Dambulla,PUMPKIN,86.4
2017-08-15,Dambulla,PUMPKIN,33.3
2017-09-15,Dambulla,PUMPKIN,30.5
2017-10-15,Dambulla,PUMPKIN,38.4
2017-11-15,Dambulla,PUMPKIN,53.5
2017-12-15,Dambulla,PUMPKIN,44.1
2018-01-15,Dambulla,PUMPKIN,37.36
2018-02-15,Dambulla,PUMPKIN,45.35
2018-03-15,Dambulla,PUMPKIN,34.650000000000006
2018-04-15,Dambulla,PUMPKIN,13.64
2018-05-15,Dambulla,PUMPKIN,15.2125
2018-06-15,Dambulla,PUMPKIN,17.95
2018-07-15,Dambulla,PUMPKIN,45.68
2018-08-15,Dambulla,PUMPKIN,58.25
2018-09-15,Dambulla,PUMPKIN,34.4
2018-10-15,Dambulla,PUMPKIN,34.84
2018-11-15,Dambulla,PUMPKIN,44.25
2018-12-15,Dambulla,PUMPKIN,26.160000000000004
2019-01-15,Dambulla,PUMPKIN,13.349999999999998
2019-02-15,Dambulla,PUMPKIN,15.1
2019-03-15,Dambulla,PUMPKIN,10.7
2019-04-15,Dambulla,PUMPKIN,21.160000000000004
2019-05-15,Dambulla,PUMPKIN,54.75
2019-06-15,Dambulla,PUMPKIN,93.0
2019-07-15,Dambulla,PUMPKIN,84.1
2019-08-15,Dambulla,PUMPKIN,36.15
2019-09-15,Dambulla,PUMPKIN,46.6
2019-10-15,Dambulla,PUMPKIN,68.25
2019-11-15,Dambulla,PUMPKIN,34.0
2019-12-15,Dambulla,PUMPKIN,35.160000000000004
2020-01-15,Dambulla,PUMPKIN,70.25
2020-02-15,Dambulla,PUMPKIN,123.75
2020-03-15,Dambulla,PUMPKIN,74.5
2020-05-15,Dambulla,PUMPKIN,29.53333333333333
2020-06-15,Dambulla,PUMPKIN,31.48
2020-07-15,Dambulla,PUMPKIN,38.35
2020-08-15,Dambulla,PUMPKIN,88.8
2020-09-15,Dambulla,PUMPKIN,91.5
2020-10-15,Dambulla,PUMPKIN,34.45
2020-11-15,Dambulla,PUMPKIN,57.333333333333336
2020-12-15,Dambulla,PUMPKIN,71.0
2021-01-15,Dambulla,PUMPKIN,131.75
2021-02-15,Dambulla,PUMPKIN,103.5
2021-03-15,Dambulla,PUMPKIN,71.0
2021-04-15,Dambulla,PUMPKIN,40.6
2021-06-15,Dambulla,PUMPKIN,71.0
2021-07-15,Dambulla,PUMPKIN,86.75
2021-08-15,Dambulla,PUMPKIN,90.25
2021-09-15,Dambulla,PUMPKIN,48.475
2021-10-15,Dambulla,PUMPKIN,37.5
2021-11-15,Dambulla,PUMPKIN,38.28
2021-12-15,Dambulla,PUMPKIN,44.25
2022-01-15,Dambulla,PUMPKIN,109.2
2022-02-15,Dambulla,PUMPKIN,151.5
2022-03-15,Dambulla,PUMPKIN,77.0
2022-04-15,Dambulla,PUMPKIN,48.25
2022-05-15,Dambulla,PUMPKIN,84.8
2022-06-15,Dambulla,PUMPKIN,150.0
2022-07-15,Dambulla,PUMPKIN,165.25
2022-08-15,Dambulla,PUMPKIN,118.8
2022-09-15,Dambulla,PUMPKIN,142.0
2022-10-15,Dambulla,PUMPKIN,151.0
2022-11-15,Dambulla,PUMPKIN,88.75
2022-12-15,Dambulla,PUMPKIN,85.5
2023-01-15,Dambulla,PUMPKIN,97.2
2023-02-15,Dambulla,PUMPKIN,56.25
2023-03-15,Dambulla,PUMPKIN,44.75
2023-04-15,Dambulla,PUMPKIN,29.1
2023-05-15,Dambulla,PUMPKIN,55.2
2023-06-15,Dambulla,PUMPKIN,88.25
2023-07-15,Dambulla,PUMPKIN,92.6
2023-08-15,Dambulla,PUMPKIN,78.5
2023-09-15,Dambulla,PUMPKIN,46.6
2023-10-15,Dambulla,PUMPKIN,39.36
2023-11-15,Dambulla,PUMPKIN,81.25
2023-12-15,Dambulla,PUMPKIN,128.75
2024-01-15,Dambulla,PUMPKIN,131.6
2024-02-15,Dambulla,PUMPKIN,232.5
2024-03-15,Dambulla,PUMPKIN,164.0
2024-04-15,Dambulla,PUMPKIN,84.0
2024-05-15,Dambulla,PUMPKIN,57.25
2024-06-15,Dambulla,PUMPKIN,127.0
2024-07-15,Dambulla,PUMPKIN,137.2
2024-08-15,Dambulla,PUMPKIN,88.75
2024-09-15,Dambulla,PUMPKIN,43.6
2024-10-15,Dambulla,PUMPKIN,89.5
2024-11-15,Dambulla,PUMPKIN,92.5
2024-12-15,Dambulla,PUMPKIN,130.0
2000-01-15,Dambulla,TOMATOES,12.83
2000-02-15,Dambulla,TOMATOES,11.0
2000-03-15,Dambulla,TOMATOES,27.13
2000-04-15,Dambulla,TOMATOES,18.33
2000-05-15,Dambulla,TOMATOES,25.3
2000-06-15,Dambulla,TOMATOES,31.5
2000-07-15,Dambulla,TOMATOES,26.88
2000-08-15,Dambulla,TOMATOES,13.75
2000-09-15,Dambulla,TOMATOES,11.69
2000-10-15,Dambulla,TOMATOES,13.1
2000-11-15,Dambulla,TOMATOES,15.56
2000-12-15,Dambulla,TOMATOES,20.25
2001-01-15,Dambulla,TOMATOES,40.17
2001-02-15,Dambulla,TOMATOES,31.42
2001-03-15,Dambulla,TOMATOES,46.42
2001-04-15,Dambulla,TOMATOES,19.38
2001-05-15,Dambulla,TOMATOES,50.56
2001-06-15,Dambulla,TOMATOES,35.0
2001-07-15,Dambulla,TOMATOES,29.94
2001-08-15,Dambulla,TOMATOES,12.5
2001-09-15,Dambulla,TOMATOES,19.63
2001-10-15,Dambulla,TOMATOES,26.17
2001-11-15,Dambulla,TOMATOES,30.38
2001-12-15,Dambulla,TOMATOES,27.0
2002-01-15,Dambulla,TOMATOES,8.75
2002-02-15,Dambulla,TOMATOES,21.75
2002-03-15,Dambulla,TOMATOES,35.13
2002-04-15,Dambulla,TOMATOES,26.49
2002-05-15,Dambulla,TOMATOES,27.0
2002-06-15,Dambulla,TOMATOES,40.31
2002-07-15,Dambulla,TOMATOES,33.08
2002-08-15,Dambulla,TOMATOES,33.5
2002-09-15,Dambulla,TOMATOES,18.65
2002-10-15,Dambulla,TOMATOES,12.35
2002-11-15,Dambulla,TOMATOES,30.0
2002-12-15,Dambulla,TOMATOES,41.25
2003-01-15,Dambulla,TOMATOES,35.17
2003-02-15,Dambulla,TOMATOES,25.08
2003-03-15,Dambulla,TOMATOES,18.75
2003-04-15,Dambulla,TOMATOES,26.25
2003-05-15,Dambulla,TOMATOES,29.0
2003-06-15,Dambulla,TOMATOES,20.88
2003-07-15,Dambulla,TOMATOES,29.0
2003-08-15,Dambulla,TOMATOES,10.9
2003-09-15,Dambulla,TOMATOES,27.14
2003-10-15,Dambulla,TOMATOES,22.4
2003-11-15,Dambulla,TOMATOES,28.45
2003-12-15,Dambulla,TOMATOES,27.82
2004-01-15,Dambulla,TOMATOES,15.0
2004-02-15,Dambulla,TOMATOES,13.9
2004-03-15,Dambulla,TOMATOES,16.24
2004-04-15,Dambulla,TOMATOES,24.72
2004-05-15,Dambulla,TOMATOES,33.2
2004-06-15,Dambulla,TOMATOES,42.7
2004-07-15,Dambulla,TOMATOES,27.45
2004-08-15,Dambulla,TOMATOES,9.56
2004-09-15,Dambulla,TOMATOES,14.25
2004-10-15,Dambulla,TOMATOES,25.845
2004-11-15,Dambulla,TOMATOES,37.44
2004-12-15,Dambulla,TOMATOES,29.1
2005-01-15,Dambulla,TOMATOES,34.0
2005-02-15,Dambulla,TOMATOES,47.6
2005-04-15,Dambulla,TOMATOES,27.9
2005-05-15,Dambulla,TOMATOES,37.96
2005-06-15,Dambulla,TOMATOES,13.5
2005-07-15,Dambulla,TOMATOES,30.25
2005-08-15,Dambulla,TOMATOES,23.27
2005-09-15,Dambulla,TOMATOES,33.8
2005-10-15,Dambulla,TOMATOES,30.35
2005-11-15,Dambulla,TOMATOES,16.68
2005-12-15,Dambulla,TOMATOES,29.47
2006-01-15,Dambulla,TOMATOES,20.93
2006-02-15,Dambulla,TOMATOES,16.2
2006-03-15,Dambulla,TOMATOES,12.6
2006-04-15,Dambulla,TOMATOES,16.9
2006-05-15,Dambulla,TOMATOES,44.72
2006-06-15,Dambulla,TOMATOES,59.53
2006-07-15,Dambulla,TOMATOES,59.45
2006-08-15,Dambulla,TOMATOES,13.3
2006-09-15,Dambulla,TOMATOES,14.45
2006-10-15,Dambulla,TOMATOES,23.32
2006-11-15,Dambulla,TOMATOES,51.05
2006-12-15,Dambulla,TOMATOES,83.25
2007-01-15,Dambulla,TOMATOES,44.15
2007-02-15,Dambulla,TOMATOES,34.05
2007-03-15,Dambulla,TOMATOES,27.13
2007-04-15,Dambulla,TOMATOES,16.33
2007-05-15,Dambulla,TOMATOES,15.5
2007-06-15,Dambulla,TOMATOES,24.0
2007-07-15,Dambulla,TOMATOES,40.25
2007-08-15,Dambulla,TOMATOES,25.95
2007-09-15,Dambulla,TOMATOES,46.24
2007-10-15,Dambulla,TOMATOES,41.4
2007-11-15,Dambulla,TOMATOES,26.67
2007-12-15,Dambulla,TOMATOES,12.56
2008-01-15,Dambulla,TOMATOES,22.4
2008-02-15,Dambulla,TOMATOES,69.35
2008-03-15,Dambulla,TOMATOES,50.2
2008-04-15,Dambulla,TOMATOES,46.47
2008-05-15,Dambulla,TOMATOES,93.85
2008-06-15,Dambulla,TOMATOES,51.2
2008-07-15,Dambulla,TOMATOES,35.47
2008-08-15,Dambulla,TOMATOES,15.7
2008-09-15,Dambulla,TOMATOES,13.62
2008-10-15,Dambulla,TOMATOES,24.95
2008-11-15,Dambulla,TOMATOES,57.47
2008-12-15,Dambulla,TOMATOES,79.15
2009-01-15,Dambulla,TOMATOES,67.9
2009-02-15,Dambulla,TOMATOES,28.35
2009-03-15,Dambulla,TOMATOES,13.76
2009-04-15,Dambulla,TOMATOES,17.7
2009-05-15,Dambulla,TOMATOES,50.4
2009-06-15,Dambulla,TOMATOES,62.76
2009-07-15,Dambulla,TOMATOES,59.45
2009-08-15,Dambulla,TOMATOES,37.67
2009-09-15,Dambulla,TOMATOES,31.8
2009-10-15,Dambulla,TOMATOES,28.93
2009-11-15,Dambulla,TOMATOES,21.48
2009-12-15,Dambulla,TOMATOES,54.75
2010-01-15,Dambulla,TOMATOES,59.65
2010-02-15,Dambulla,TOMATOES,62.87
2010-03-15,Dambulla,TOMATOES,31.04
2010-04-15,Dambulla,TOMATOES,18.6
2010-05-15,Dambulla,TOMATOES,49.9
2010-06-15,Dambulla,TOMATOES,84.53
2010-07-15,Dambulla,TOMATOES,39.25
2010-08-15,Dambulla,TOMATOES,38.8
2010-09-15,Dambulla,TOMATOES,52.75
2010-10-15,Dambulla,TOMATOES,51.65
2010-11-15,Dambulla,TOMATOES,53.6
2010-12-15,Dambulla,TOMATOES,50.85
2011-01-15,Dambulla,TOMATOES,42.58
2011-02-15,Dambulla,TOMATOES,114.75
2011-03-15,Dambulla,TOMATOES,133.53
2011-04-15,Dambulla,TOMATOES,42.4
2011-05-15,Dambulla,TOMATOES,38.44
2011-06-15,Dambulla,TOMATOES,14.9
2011-07-15,Dambulla,TOMATOES,19.05
2011-08-15,Dambulla,TOMATOES,19.56
2011-09-15,Dambulla,TOMATOES,30.35
2011-10-15,Dambulla,TOMATOES,39.64
2011-11-15,Dambulla,TOMATOES,92.25
2011-12-15,Dambulla,TOMATOES,143.25
2012-01-15,Dambulla,TOMATOES,73.36
2012-02-15,Dambulla,TOMATOES,12.9
2012-03-15,Dambulla,TOMATOES,11.33
2012-04-15,Dambulla,TOMATOES,36.65
2012-05-15,Dambulla,TOMATOES,108.67
2012-06-15,Dambulla,TOMATOES,87.0
2012-07-15,Dambulla,TOMATOES,109.6
2012-08-15,Dambulla,TOMATOES,40.05
2012-09-15,Dambulla,TOMATOES,33.0
2012-10-15,Dambulla,TOMATOES,19.24
2012-11-15,Dambulla,TOMATOES,50.4
2012-12-15,Dambulla,TOMATOES,75.0
2013-01-15,Dambulla,TOMATOES,59.75
2013-02-15,Dambulla,TOMATOES,93.4
2013-03-15,Dambulla,TOMATOES,40.6
2013-04-15,Dambulla,TOMATOES,33.25
2013-05-15,Dambulla,TOMATOES,59.87
2013-06-15,Dambulla,TOMATOES,70.0
2013-07-15,Dambulla,TOMATOES,65.92
2013-08-15,Dambulla,TOMATOES,33.85
2013-09-15,Dambulla,TOMATOES,56.64
2013-10-15,Dambulla,TOMATOES,68.75
2013-11-15,Dambulla,TOMATOES,24.8
2013-12-15,Dambulla,TOMATOES,24.68
2014-01-15,Dambulla,TOMATOES,26.85
2014-02-15,Dambulla,TOMATOES,36.15
2014-03-15,Dambulla,TOMATOES,28.96
2014-04-15,Dambulla,TOMATOES,21.8
2014-05-15,Dambulla,TOMATOES,99.0
2014-06-15,Dambulla,TOMATOES,120.8
2014-07-15,Dambulla,TOMATOES,110.5
2014-08-15,Dambulla,TOMATOES,32.65
2014-09-15,Dambulla,TOMATOES,20.96
2014-10-15,Dambulla,TOMATOES,63.75
2014-11-15,Dambulla,TOMATOES,102.0
2014-12-15,Dambulla,TOMATOES,134.6
2015-01-15,Dambulla,TOMATOES,115.5
2015-02-15,Dambulla,TOMATOES,195.0
2015-03-15,Dambulla,TOMATOES,46.32
2015-04-15,Dambulla,TOMATOES,21.9
2015-05-15,Dambulla,TOMATOES,34.85
2015-06-15,Dambulla,TOMATOES,39.32
2015-07-15,Dambulla,TOMATOES,69.5
2015-08-15,Dambulla,TOMATOES,44.0
2015-09-15,Dambulla,TOMATOES,44.7
2015-10-15,Dambulla,TOMATOES,61.6
2015-11-15,Dambulla,TOMATOES,101.4
2015-12-15,Dambulla,TOMATOES,109.25
2016-01-15,Dambulla,TOMATOES,32.9
2016-02-15,Dambulla,TOMATOES,32.3
2016-03-15,Dambulla,TOMATOES,32.55
2016-04-15,Dambulla,TOMATOES,74.1
2016-05-15,Dambulla,TOMATOES,118.6
2016-06-15,Dambulla,TOMATOES,147.75
2016-07-15,Dambulla,TOMATOES,114.25
2016-08-15,Dambulla,TOMATOES,26.96
2016-09-15,Dambulla,TOMATOES,39.25
2016-10-15,Dambulla,TOMATOES,41.32
2016-11-15,Dambulla,TOMATOES,25.7
2016-12-15,Dambulla,TOMATOES,36.5
2017-01-15,Dambulla,TOMATOES,75.12
2017-02-15,Dambulla,TOMATOES,33.8
2017-03-15,Dambulla,TOMATOES,65.75
2017-04-15,Dambulla,TOMATOES,62.8
2017-05-15,Dambulla,TOMATOES,63.0
2017-06-15,Dambulla,TOMATOES,93.75
2017-07-15,Dambulla,TOMATOES,85.0
2017-08-15,Dambulla,TOMATOES,92.0
2017-09-15,Dambulla,TOMATOES,111.5
2017-10-15,Dambulla,TOMATOES,110.8
2017-11-15,Dambulla,TOMATOES,65.25
2017-12-15,Dambulla,TOMATOES,74.9
2018-01-15,Dambulla,TOMATOES,42.92
2018-02-15,Dambulla,TOMATOES,30.75
2018-03-15,Dambulla,TOMATOES,25.75
2018-04-15,Dambulla,TOMATOES,21.4
2018-05-15,Dambulla,TOMATOES,87.0
2018-06-15,Dambulla,TOMATOES,147.5
2018-07-15,Dambulla,TOMATOES,119.2
2018-08-15,Dambulla,TOMATOES,39.65
2018-09-15,Dambulla,TOMATOES,17.0
2018-10-15,Dambulla,TOMATOES,59.44
2018-11-15,Dambulla,TOMATOES,211.5
2018-12-15,Dambulla,TOMATOES,157.4
2019-01-15,Dambulla,TOMATOES,55.75
2019-02-15,Dambulla,TOMATOES,33.2
2019-03-15,Dambulla,TOMATOES,28.4
2019-04-15,Dambulla,TOMATOES,50.88
2019-05-15,Dambulla,TOMATOES,71.5
2019-06-15,Dambulla,TOMATOES,31.1
2019-07-15,Dambulla,TOMATOES,52.4
2019-08-15,Dambulla,TOMATOES,75.75
2019-09-15,Dambulla,TOMATOES,80.28
2019-10-15,Dambulla,TOMATOES,87.5625
2019-11-15,Dambulla,TOMATOES,44.0
2019-12-15,Dambulla,TOMATOES,102.8
2020-01-15,Dambulla,TOMATOES,270.5
2020-02-15,Dambulla,TOMATOES,213.0
2020-03-15,Dambulla,TOMATOES,91.0
2020-05-15,Dambulla,TOMATOES,53.8
2020-06-15,Dambulla,TOMATOES,124.2
2020-07-15,Dambulla,TOMATOES,54.15
2020-08-15,Dambulla,TOMATOES,44.4
2020-09-15,Dambulla,TOMATOES,118.75
2020-10-15,Dambulla,TOMATOES,57.9
2020-11-15,Dambulla,TOMATOES,56.8
2020-12-15,Dambulla,TOMATOES,57.8
2021-01-15,Dambulla,TOMATOES,96.75
2021-02-15,Dambulla,TOMATOES,159.0
2021-03-15,Dambulla,TOMATOES,106.25
2021-04-15,Dambulla,TOMATOES,57.85
2021-06-15,Dambulla,TOMATOES,77.5
2021-07-15,Dambulla,TOMATOES,56.6
2021-08-15,Dambulla,TOMATOES,77.75
2021-09-15,Dambulla,TOMATOES,67.75
2021-10-15,Dambulla,TOMATOES,84.25
2021-11-15,Dambulla,TOMATOES,254.4
2021-12-15,Dambulla,TOMATOES,262.5
2022-01-15,Dambulla,TOMATOES,112.6
2022-02-15,Dambulla,TOMATOES,168.25
2022-03-15,Dambulla,TOMATOES,167.0
2022-04-15,Dambulla,TOMATOES,103.25
2022-05-15,Dambulla,TOMATOES,401.6
2022-06-15,Dambulla,TOMATOES,420.0
2022-07-15,Dambulla,TOMATOES,145.25
2022-08-15,Dambulla,TOMATOES,218.8
2022-09-15,Dambulla,TOMATOES,148.75
2022-10-15,Dambulla,TOMATOES,204.0
2022-11-15,Dambulla,TOMATOES,203.0
2022-12-15,Dambulla,TOMATOES,119.25
2023-01-15,Dambulla,TOMATOES,119.2
2023-02-15,Dambulla,TOMATOES,168.5
2023-03-15,Dambulla,TOMATOES,129.5
2023-04-15,Dambulla,TOMATOES,118.75
2023-05-15,Dambulla,TOMATOES,210.8
2023-06-15,Dambulla,TOMATOES,168.5
2023-07-15,Dambulla,TOMATOES,289.6
2023-08-15,Dambulla,TOMATOES,95.5
2023-09-15,Dambulla,TOMATOES,96.5
2023-10-15,Dambulla,TOMATOES,95.0
2023-11-15,Dambulla,TOMATOES,246.5
2023-12-15,Dambulla,TOMATOES,445.5
2024-01-15,Dambulla,TOMATOES,444.4
2024-02-15,Dambulla,TOMATOES,601.0
2024-03-15,Dambulla,TOMATOES,191.5
2024-04-15,Dambulla,TOMATOES,56.8
2024-05-15,Dambulla,TOMATOES,88.75
2024-06-15,Dambulla,TOMATOES,323.0
2024-07-15,Dambulla,TOMATOES,275.6
2024-08-15,Dambulla,TOMATOES,136.0
2024-09-15,Dambulla,TOMATOES,125.8
2024-10-15,Dambulla,TOMATOES,186.5
2024-11-15,Dambulla,TOMATOES,181.0
2024-12-15,Dambulla,TOMATOES,258.8
